holiday-type,price,num-persons,region,transportation,duration,season,accomodation,hotel,num_acceptance,num_rejected
Bathing,2498.0,2.0,Egypt,Plane,14.0,April,TwoStars,"Hotel White House, Egypt",47,48
Bathing,3066.0,3.0,Egypt,Plane,21.0,May,TwoStars,"Hotel White House, Egypt",27,33
Active,2778.0,2.0,Egypt,Plane,14.0,June,TwoStars,"Hotel Geisum, Egypt",11,43
Bathing,3195.0,3.0,Egypt,Plane,7.0,July,ThreeStars,"Hotel Al Mashrabia, Egypt",25,39
Bathing,3158.0,2.0,Egypt,Plane,14.0,September,ThreeStars,"Hotel Al Mashrabia, Egypt",76,86
Active,3318.0,2.0,Egypt,Plane,14.0,October,ThreeStars,"Hotel Al Mashrabia, Egypt",5,24
Bathing,2458.0,2.0,Egypt,Plane,14.0,June,FourStars,"Hotel Winter Palace, Egypt",10,82
Active,2649.0,3.0,Egypt,Plane,7.0,July,FourStars,"Hotel Winter Palace, Egypt",9,49
Education,4638.0,2.0,Egypt,Plane,21.0,April,FourStars,"Anlage Arabia Beach, Egypt",85,40
Education,3738.0,2.0,Egypt,Plane,14.0,October,FourStars,"Anlage Arabia Beach, Egypt",80,23
City,1978.0,2.0,Cairo,Plane,7.0,April,ThreeStars,"Hotel Victoria, Cairo",15,35
City,1898.0,2.0,Cairo,Plane,7.0,May,ThreeStars,"Hotel Victoria, Cairo",2,94
City,2158.0,2.0,Cairo,Plane,14.0,June,ThreeStars,"Hotel Victoria, Cairo",20,20
City,1898.0,2.0,Cairo,Plane,7.0,September,ThreeStars,"Hotel Victoria, Cairo",10,25
City,1154.0,1.0,Cairo,Plane,7.0,October,ThreeStars,"Hotel New Marwa Palace, Cairo",9,49
City,2308.0,2.0,Cairo,Plane,7.0,April,ThreeStars,"Hotel New Marwa Palace, Cairo",85,66
City,2658.0,2.0,Cairo,Plane,7.0,May,ThreeStars,"Hotel New Marwa Palace, Cairo",66,85
City,1269.0,1.0,Cairo,Plane,14.0,July,ThreeStars,"Hotel New Marwa Palace, Cairo",77,30
City,2608.0,2.0,Cairo,Plane,7.0,May,FiveStars,"Hotel Moevenpick, Cairo",81,16
City,2468.0,2.0,Cairo,Plane,7.0,August,FiveStars,"Hotel Moevenpick, Cairo",65,38
Recreation,1568.0,2.0,Belgium,Car,14.0,May,TwoStars,"Hotel Ostend, Belgium",35,56
Active,798.0,3.0,Belgium,Car,7.0,June,TwoStars,"Hotel Ostend, Belgium",46,13
Recreation,978.0,3.0,Belgium,Car,7.0,July,ThreeStars,"Acces Hotel Mercure, Belgium",41,12
Recreation,978.0,2.0,Belgium,Car,7.0,August,ThreeStars,"Acces Hotel Mercure, Belgium",21,63
Active,1448.0,3.0,Belgium,Car,14.0,September,HolidayFlat,"H.Flat, Belgium",76,21
Recreation,1638.0,4.0,Belgium,Car,14.0,June,HolidayFlat,"H.Flat, Belgium",50,65
Recreation,1079.0,4.0,Belgium,Car,7.0,July,HolidayFlat,"H.Flat, Belgium",51,64
Bathing,499.0,4.0,Belgium,Car,3.0,August,HolidayFlat,"H.Flat, Belgium",35,19
Bathing,399.0,6.0,Belgium,Car,3.0,September,HolidayFlat,"H.Flat, Belgium",63,69
Recreation,1928.0,2.0,Belgium,Train,14.0,July,ThreeStars,"Acces Hotel Mercure, Belgium",37,87
Bathing,1598.0,2.0,Bulgaria,Plane,14.0,June,TwoStars,"Hotel Amfibia, Sunny Beach",3,79
Bathing,2043.0,3.0,Bulgaria,Plane,14.0,July,TwoStars,"Hotel Hemus, Sunny Beach",94,88
Bathing,1658.0,4.0,Bulgaria,Plane,7.0,August,TwoStars,"Hotel Raliza, Albena",31,30
Bathing,1558.0,2.0,Bulgaria,Plane,7.0,July,ThreeStars,"Hotel Phoenix, Sunny Beach",17,45
Active,1718.0,2.0,Bulgaria,Plane,14.0,June,ThreeStars,"Hotel Nessebar, Sunny Beach",32,95
Bathing,1383.0,3.0,Bulgaria,Plane,7.0,August,ThreeStars,"Hotel Gergana, Albena",16,84
Bathing,3628.0,4.0,Bulgaria,Plane,21.0,August,ThreeStars,"Hotel Orlav, Albena",74,79
Active,2739.0,3.0,Bulgaria,Plane,14.0,July,FourStars,"Hotel Burgas, Sunny Beach",62,25
Bathing,2399.0,2.0,Bulgaria,Plane,14.0,September,FourStars,"Grandhotel Varna, Albena",85,14
Bathing,2273.0,3.0,Bornholm,Car,14.0,August,HolidayFlat,H.Flat Bornholm,4,35
Bathing,1729.0,5.0,Bornholm,Car,7.0,July,HolidayFlat,H.Flat Bornholm,16,87
Bathing,1389.0,4.0,Bornholm,Car,7.0,July,HolidayFlat,H.Flat Bornholm,24,49
Recreation,968.0,6.0,Bornholm,Car,14.0,April,HolidayFlat,H.Flat Bornholm,94,38
Recreation,489.0,6.0,Bornholm,Car,7.0,May,HolidayFlat,H.Flat Bornholm,58,93
Recreation,489.0,6.0,Bornholm,Car,7.0,September,HolidayFlat,H.Flat Bornholm,10,33
Bathing,2838.0,4.0,Fano,Car,14.0,July,HolidayFlat,H.Flat Fano,15,65
Bathing,1399.0,6.0,Fano,Car,7.0,August,HolidayFlat,H.Flat Fano,80,5
Recreation,958.0,6.0,Fano,Car,14.0,September,HolidayFlat,H.Flat Fano,20,80
Recreation,579.0,3.0,Fano,Car,7.0,June,HolidayFlat,H.Flat Romo,37,62
Recreation,789.0,5.0,Fano,Car,7.0,May,HolidayFlat,H.Flat Romo,6,47
Recreation,2839.0,10.0,Fano,Car,7.0,July,HolidayFlat,H.Flat Romo,80,97
Bathing,629.0,6.0,Lolland,Car,7.0,August,HolidayFlat,H.Flat Lolland,84,33
Bathing,1598.0,4.0,Lolland,Car,14.0,July,HolidayFlat,H.Flat Lolland,36,11
Recreation,429.0,8.0,Lolland,Car,7.0,September,HolidayFlat,H.Flat Lolland,14,62
Recreation,648.0,2.0,Allgaeu,Car,7.0,June,TwoStars,"Gasthaus Meier, Allgaeu",37,88
Wandering,972.0,4.0,Allgaeu,Car,7.0,July,TwoStars,"Gasthaus Alpenland, Allgaeu",35,73
Recreation,1060.0,3.0,Allgaeu,Car,7.0,August,ThreeStars,"Hotel Alpspitz, Allgaeu",54,66
Wandering,2110.0,3.0,Allgaeu,Train,14.0,July,ThreeStars,"Hotel Alpspitz, Allgaeu",15,90
Active,1835.0,2.0,Allgaeu,Car,14.0,June,FiveStars,"Hofgut Kuernach, Allgaeu",18,34
Wandering,951.0,2.0,Allgaeu,Car,7.0,September,FiveStars,"Hofgut Kuernach, Allgaeu",79,7
Recreation,794.0,4.0,Allgaeu,Train,7.0,August,HolidayFlat,"H.Flat, Allgaeu",67,15
Active,814.0,6.0,Allgaeu,Car,7.0,July,HolidayFlat,"H.Flat, Allgaeu",98,71
Wandering,1568.0,4.0,Allgaeu,Car,14.0,June,HolidayFlat,"H.Flat, Allgaeu",11,55
Wandering,644.0,4.0,Allgaeu,Car,7.0,July,HolidayFlat,"H.Flat, Allgaeu",67,62
Recreation,648.0,2.0,Alps,Car,7.0,June,TwoStars,"Pension Blueml, Upper Bavaria",51,36
Wandering,2232.0,3.0,Alps,Car,14.0,July,TwoStars,"Pension Blueml, Upper Bavaria",29,3
Recreation,2082.0,4.0,Alps,Car,7.0,August,ThreeStars,"Hotel Chiemgauer Hof, Upper Bavaria",97,30
Recreation,5185.0,3.0,Alps,Car,21.0,June,ThreeStars,"Hotel Chiemgauer Hof, Upper Bavaria",63,58
Active,2368.0,2.0,Alps,Train,14.0,September,ThreeStars,"Hotel Chiemgauer Hof, Upper Bavaria",56,41
Recreation,3758.0,2.0,Alps,Car,21.0,July,FourStars,"Hotel Zur Post, Upper Bavaria",60,80
Recreation,3135.0,3.0,Alps,Car,14.0,August,FourStars,"Hotel Zur Post, Upper Bavaria",46,27
Wandering,3762.0,4.0,Alps,Car,14.0,July,FourStars,"Hotel Zur Post, Upper Bavaria",24,67
Recreation,1254.0,4.0,Alps,Car,7.0,June,HolidayFlat,H.Flat Upper Bavaria,55,71
Recreation,814.0,6.0,Alps,Train,7.0,August,HolidayFlat,H.Flat Upper Bavaria,16,18
Recreation,1361.0,2.0,Bavaria,Car,14.0,September,HolidayFlat,H.Flat Upper Bavaria,87,18
Recreation,1618.0,4.0,Bavaria,Car,14.0,May,HolidayFlat,H.Flat Upper Bavaria,93,70
Recreation,1728.0,2.0,Bavaria,Train,14.0,July,HolidayFlat,H.Flat Upper Bavaria,6,17
Wandering,609.0,3.0,Bavaria,Car,7.0,June,HolidayFlat,H.Flat Upper Bavaria,16,20
Wandering,1069.0,6.0,Bavaria,Car,7.0,August,HolidayFlat,H.Flat Upper Bavaria,14,60
Wandering,684.0,4.0,Bavaria,Car,7.0,September,HolidayFlat,H.Flat Upper Bavaria,44,37
Active,1328.0,4.0,Bavaria,Train,14.0,May,HolidayFlat,H.Flat Upper Bavaria,73,67
Active,779.0,2.0,Bavaria,Car,7.0,June,HolidayFlat,H.Flat Upper Bavaria,45,3
Active,1639.0,5.0,Bavaria,Car,7.0,July,HolidayFlat,H.Flat Upper Bavaria,53,21
Wandering,944.0,8.0,Bavaria,Car,7.0,August,HolidayFlat,H.Flat Upper Bavaria,51,47
Wandering,758.0,2.0,ErzGebirge,Car,7.0,June,TwoStars,"Wolfsgruener Schloss, Erz Gebirge",46,53
Wandering,758.0,3.0,ErzGebirge,Car,7.0,July,TwoStars,"Wolfsgruener Schloss, Erz Gebirge",15,39
Recreation,1885.0,4.0,ErzGebirge,Car,14.0,August,TwoStars,"Wolfsgruener Schloss, Erz Gebirge",94,25
Recreation,758.0,3.0,ErzGebirge,Car,7.0,September,TwoStars,"Wolfsgruener Schloss, Erz Gebirge",52,72
Wandering,1828.0,2.0,ErzGebirge,Car,14.0,May,ThreeStars,"Hotel Am Fichtelberg, Erz Gebirge",6,95
Wandering,918.0,2.0,ErzGebirge,Train,7.0,July,ThreeStars,"Hotel Am Fichtelberg, Erz Gebirge",55,79
Wandering,2738.0,3.0,ErzGebirge,Car,21.0,June,ThreeStars,"Hotel Am Fichtelberg, Erz Gebirge",22,19
Recreation,1828.0,3.0,ErzGebirge,Car,14.0,September,ThreeStars,"Sporthotel, Erz Gebirge",19,2
Recreation,918.0,2.0,ErzGebirge,Car,7.0,May,ThreeStars,"Sporthotel, Erz Gebirge",10,26
Wandering,1580.0,4.0,ErzGebirge,Train,7.0,August,FourStars,"Kur- und Sporthotel, Erz Gebirge",81,36
Wandering,958.0,2.0,ErzGebirge,Car,7.0,July,FourStars,"Kur- und Sporthotel, Erz Gebirge",98,14
Wandering,2385.0,3.0,ErzGebirge,Car,14.0,June,FourStars,"Kur- und Sporthotel, Erz Gebirge",89,86
Recreation,1372.0,3.0,ErzGebirge,Car,7.0,August,FourStars,"Hotel Panorama, Erz Gebirge",46,46
Recreation,2188.0,2.0,ErzGebirge,Car,14.0,September,FourStars,"Hotel Panorama, Erz Gebirge",28,64
Active,1098.0,2.0,ErzGebirge,Car,7.0,August,FourStars,"Hotel Panorama, Erz Gebirge",21,19
Recreation,478.0,2.0,Harz,Car,7.0,May,TwoStars,"Hotel Brockenscheideck, Harz",93,55
Wandering,948.0,2.0,Harz,Train,14.0,June,TwoStars,"Hotel Brockenscheideck, Harz",4,26
Recreation,1072.0,3.0,Harz,Car,7.0,July,ThreeStars,"Hotel Waldfrieden, Harz",78,95
Recreation,1501.0,4.0,Harz,Car,7.0,August,ThreeStars,"Hotel Waldfrieden, Harz",96,54
Recreation,1868.0,2.0,Harz,Car,14.0,September,ThreeStars,"Hotel Waldfrieden, Harz",55,33
Wandering,1172.0,3.0,Harz,Car,7.0,May,ThreeStars,"Hotel Waldfrieden, Harz",1,73
Recreation,1888.0,2.0,Harz,Car,7.0,June,FiveStars,"Hotel Maritim, Harz",9,55
Recreation,1888.0,3.0,Harz,Train,7.0,July,FiveStars,"Hotel Maritim, Harz",26,53
Wandering,3768.0,2.0,Harz,Car,14.0,May,FiveStars,"Hotel Maritim, Harz",7,76
Recreation,484.0,2.0,Harz,Car,7.0,August,HolidayFlat,H.Flat Harz,91,36
Recreation,374.0,4.0,Harz,Car,7.0,September,HolidayFlat,H.Flat Harz,62,52
Recreation,589.0,3.0,Harz,Car,7.0,June,HolidayFlat,H.Flat Harz,99,9
Wandering,719.0,4.0,Harz,Train,7.0,July,HolidayFlat,H.Flat Harz,25,33
Wandering,1248.0,4.0,Harz,Car,14.0,August,HolidayFlat,H.Flat Harz,13,47
Bathing,398.0,2.0,NorthSea,Car,7.0,July,OneStar,"Pension Murra, North Sea",44,39
Recreation,398.0,2.0,NorthSea,Car,7.0,June,OneStar,"Pension Murra, North Sea",77,60
Bathing,1348.0,3.0,NorthSea,Car,7.0,July,TwoStars,"Pension Nina, North Sea",83,62
Bathing,1348.0,2.0,NorthSea,Car,7.0,August,TwoStars,"Pension Nina, North Sea",84,62
Recreation,3228.0,2.0,NorthSea,Car,14.0,May,TwoStars,"Hotel Silbermoeve, North Sea",89,67
Recreation,1618.0,2.0,NorthSea,Train,7.0,September,TwoStars,"Hotel Silbermoeve, North Sea",47,73
Bathing,719.0,4.0,NorthSea,Car,7.0,August,HolidayFlat,H.Flat North Sea,35,72
Bathing,669.0,6.0,NorthSea,Car,7.0,July,HolidayFlat,H.Flat North Sea,32,6
Bathing,2108.0,4.0,NorthSea,Car,14.0,August,HolidayFlat,H.Flat North Sea,27,52
Recreation,579.0,4.0,NorthSea,Train,7.0,June,HolidayFlat,H.Flat North Sea,98,32
Recreation,664.0,5.0,NorthSea,Car,7.0,July,HolidayFlat,H.Flat North Sea,86,88
Recreation,1138.0,4.0,NorthSea,Car,14.0,August,HolidayFlat,H.Flat North Sea,18,45
Active,2198.0,3.0,NorthSea,Car,14.0,September,HolidayFlat,H.Flat North Sea,55,13
Recreation,1044.0,6.0,NorthSea,Train,7.0,June,HolidayFlat,H.Flat North Sea,30,59
Active,719.0,3.0,NorthSea,Car,7.0,August,HolidayFlat,H.Flat Sylt,76,32
Bathing,1828.0,2.0,BalticSea,Car,14.0,July,TwoStars,"Hotel Stoertebeker, Zingst",16,32
Bathing,918.0,3.0,BalticSea,Car,7.0,August,TwoStars,"Hotel Stoertebeker, Zingst",97,16
Recreation,918.0,2.0,BalticSea,Car,7.0,June,TwoStars,"Hotel Am Leuchtturm, Warnemuende",79,95
Recreation,1147.0,3.0,BalticSea,Train,7.0,September,TwoStars,"Hotel Am Leuchtturm, Warnemuende",42,33
Bathing,1047.0,3.0,BalticSea,Car,7.0,July,ThreeStars,"Hotel Baltic, Usedom",41,24
Bathing,2472.0,4.0,BalticSea,Car,14.0,August,ThreeStars,"Hotel Baltic, Usedom",68,22
Recreation,2226.0,3.0,BalticSea,Car,14.0,June,ThreeStars,"NobisHotel, Ruegen",1,86
Bathing,1438.0,2.0,BalticSea,Car,7.0,August,FourStars,"Ostseehotel, Wustrow",45,6
Active,1797.0,3.0,BalticSea,Car,7.0,July,FourStars,"Ostseehotel, Wustrow",27,38
Bathing,1044.0,4.0,BalticSea,Train,7.0,August,HolidayFlat,H.Flat Baltic Sea,71,81
Bathing,639.0,2.0,BalticSea,Car,7.0,August,HolidayFlat,H.Flat Fehmarn,25,54
Bathing,1818.0,2.0,BalticSea,Car,14.0,July,HolidayFlat,"H.Flat, Ruegen",51,31
Recreation,539.0,4.0,BalticSea,Car,7.0,June,HolidayFlat,H.Flat Baltic Sea,1,48
Recreation,709.0,6.0,BalticSea,Car,7.0,May,HolidayFlat,H.Flat Baltic Sea,55,89
Active,994.0,4.0,BalticSea,Train,14.0,July,HolidayFlat,H.Flat Baltic Sea,77,10
Wandering,547.0,3.0,BlackForest,Car,7.0,May,TwoStars,"Hotel Hirschen, Black Forest",34,81
Recreation,868.0,2.0,BlackForest,Car,14.0,June,TwoStars,"Hotel Hirschen, Black Forest",41,39
Wandering,907.0,3.0,BlackForest,Car,7.0,July,ThreeStars,"Hotel Waldwinkel, Black Forest",40,51
Wandering,698.0,2.0,BlackForest,Car,14.0,August,ThreeStars,"Hotel Waldwinkel, Black Forest",75,60
Wandering,738.0,2.0,BlackForest,Train,7.0,September,ThreeStars,"Berghotel Kandel, Black Forest",76,9
Recreation,922.0,3.0,BlackForest,Car,7.0,August,ThreeStars,"Berghotel Kandel, Black Forest",34,88
Wandering,3732.0,4.0,BlackForest,Car,14.0,July,FourStars,"Kurhotel, Black Forest",3,2
Recreation,1138.0,2.0,BlackForest,Car,7.0,June,FourStars,"Kurhotel, Black Forest",13,26
Wandering,449.0,2.0,BlackForest,Train,7.0,May,HolidayFlat,H.Flat Black Forest,81,18
Wandering,459.0,5.0,BlackForest,Car,7.0,June,HolidayFlat,H.Flat Black Forest,14,90
Wandering,1039.0,3.0,BlackForest,Car,7.0,July,HolidayFlat,H.Flat Black Forest,81,46
Wandering,2538.0,3.0,BlackForest,Car,14.0,August,HolidayFlat,H.Flat Black Forest,55,16
Recreation,1313.0,2.0,BlackForest,Car,14.0,September,HolidayFlat,H.Flat Black Forest,2,90
Recreation,904.0,6.0,BlackForest,Car,7.0,October,HolidayFlat,H.Flat Black Forest,51,35
Recreation,984.0,7.0,BlackForest,Train,7.0,July,HolidayFlat,H.Flat Black Forest,57,7
Recreation,638.0,2.0,Thuringia,Car,7.0,May,ThreeStars,"Berghotel Oberhof, Thuringia",78,91
Recreation,922.0,3.0,Thuringia,Car,7.0,August,ThreeStars,"Berghotel Oberhof, Thuringia",38,84
Active,998.0,2.0,Thuringia,Car,7.0,June,ThreeStars,"Hotel Finsterbergen, Thuringia",1,88
Wandering,2588.0,3.0,Thuringia,Car,14.0,July,ThreeStars,"Hotel Finsterbergen, Thuringia",45,30
Wandering,1377.0,4.0,Thuringia,Train,7.0,August,FourStars,"Hotel Rennsteig, Thuringia",84,23
Recreation,918.0,2.0,Thuringia,Car,7.0,September,FourStars,"Hotel Rennsteig, Thuringia",51,31
Active,2285.0,3.0,Thuringia,Car,14.0,August,FourStars,"Hotel Rennsteig, Thuringia",41,98
Recreation,2668.0,2.0,Thuringia,Car,14.0,October,FourStars,"Hotel Panorama, Thuringia",50,81
Active,1497.0,3.0,Thuringia,Car,7.0,August,FourStars,"Hotel Panorama, Thuringia",91,32
Active,2388.0,3.0,Thuringia,Car,14.0,August,FourStars,"Hotel Panorama, Thuringia",27,71
Recreation,589.0,4.0,Thuringia,Car,7.0,July,HolidayFlat,H.Flat Thuringia,64,98
Recreation,1128.0,4.0,Thuringia,Train,14.0,June,HolidayFlat,H.Flat Thuringia,39,24
Recreation,589.0,4.0,Thuringia,Car,7.0,May,HolidayFlat,H.Flat Thuringia,85,60
Recreation,1148.0,4.0,Thuringia,Car,14.0,July,HolidayFlat,H.Flat Thuringia,35,51
Wandering,574.0,4.0,Thuringia,Car,7.0,August,HolidayFlat,H.Flat Thuringia,15,60
Bathing,858.0,4.0,Atlantic,Car,14.0,May,HolidayFlat,"H.Flat Atlantik, France",60,81
Bathing,2078.0,4.0,Atlantic,Car,14.0,June,HolidayFlat,"H.Flat Atlantik, France",86,92
Bathing,4718.0,7.0,Atlantic,Car,14.0,July,HolidayFlat,"H.Flat Atlantik, France",66,78
Bathing,1698.0,4.0,Atlantic,Car,14.0,August,HolidayFlat,"H.Flat Atlantik, France",4,38
Bathing,649.0,6.0,Atlantic,Car,7.0,September,HolidayFlat,"H.Flat Atlantik, France",62,36
Bathing,394.0,3.0,Atlantic,Car,7.0,June,HolidayFlat,"H.Flat Atlantik, France",99,5
Bathing,1289.0,5.0,Atlantic,Car,7.0,July,HolidayFlat,"H.Flat Atlantik, France",16,37
Bathing,879.0,4.0,Atlantic,Car,7.0,August,HolidayFlat,"H.Flat Atlantik, France",31,48
Bathing,1347.0,3.0,Atlantic,Car,21.0,May,HolidayFlat,"H.Flat Atlantik, France",12,46
Active,838.0,5.0,Atlantic,Car,14.0,June,HolidayFlat,"H.Flat Atlantik, France",20,35
Active,1938.0,6.0,Atlantic,Car,14.0,July,HolidayFlat,"H.Flat Atlantik, France",93,49
Active,849.0,6.0,Atlantic,Car,7.0,August,HolidayFlat,"H.Flat Atlantik, France",70,62
Active,1204.0,8.0,Atlantic,Car,7.0,June,HolidayFlat,"H.Flat Atlantik, France",64,10
Recreation,2878.0,8.0,Atlantic,Car,14.0,July,HolidayFlat,"H.Flat Atlantik, France",61,45
Recreation,2187.0,2.0,Atlantic,Car,21.0,August,HolidayFlat,"H.Flat Atlantik, France",74,19
Bathing,519.0,2.0,CotedAzur,Car,7.0,April,HolidayFlat,H.Flat Cote d'Azur,19,8
Bathing,479.0,3.0,CotedAzur,Car,7.0,May,HolidayFlat,H.Flat Cote d'Azur,88,46
Bathing,829.0,7.0,CotedAzur,Car,7.0,June,HolidayFlat,H.Flat Cote d'Azur,32,34
Bathing,1089.0,5.0,CotedAzur,Car,7.0,July,HolidayFlat,H.Flat Cote d'Azur,91,93
Bathing,1029.0,5.0,CotedAzur,Car,7.0,August,HolidayFlat,H.Flat Cote d'Azur,46,83
Bathing,799.0,6.0,CotedAzur,Car,7.0,September,HolidayFlat,H.Flat Cote d'Azur,46,99
Bathing,449.0,4.0,CotedAzur,Train,7.0,October,HolidayFlat,H.Flat Cote d'Azur,72,78
Bathing,1198.0,4.0,CotedAzur,Car,14.0,May,HolidayFlat,H.Flat Cote d'Azur,33,73
Bathing,1108.0,4.0,CotedAzur,Train,14.0,June,HolidayFlat,H.Flat Cote d'Azur,51,39
Bathing,4458.0,7.0,CotedAzur,Car,14.0,July,HolidayFlat,H.Flat Cote d'Azur,76,9
Active,2678.0,3.0,CotedAzur,Car,14.0,August,HolidayFlat,H.Flat Cote d'Azur,57,73
Active,1598.0,4.0,CotedAzur,Car,14.0,September,HolidayFlat,H.Flat Cote d'Azur,97,31
Active,589.0,6.0,CotedAzur,Car,7.0,May,HolidayFlat,H.Flat Cote d'Azur,53,96
Recreation,449.0,2.0,CotedAzur,Train,7.0,June,HolidayFlat,H.Flat Cote d'Azur,90,14
Recreation,1838.0,3.0,CotedAzur,Car,14.0,July,HolidayFlat,H.Flat Cote d'Azur,54,34
Bathing,1539.0,2.0,Corsica,Plane,14.0,May,OneStar,Caravan La Pinede,8,90
Bathing,2469.0,3.0,Corsica,Plane,14.0,June,OneStar,Hotel L'Esquinade,1,80
Bathing,5269.0,4.0,Corsica,Plane,14.0,July,TwoStars,Feriendorf Vallicella,96,82
Bathing,2249.0,3.0,Corsica,Plane,21.0,June,TwoStars,Mobilhomes La Pinede,70,23
Bathing,1898.0,2.0,Corsica,Plane,7.0,August,TwoStars,Hotel Funtana Marina,26,17
Bathing,3522.0,4.0,Corsica,Plane,7.0,July,TwoStars,Feriendorf Vallicella,4,17
Bathing,3459.0,3.0,Corsica,Plane,14.0,August,ThreeStars,Calvi-Hotel,48,93
Bathing,2539.0,2.0,Corsica,Plane,14.0,September,ThreeStars,Studios Le Rocher,57,45
Bathing,5659.0,3.0,Corsica,Plane,21.0,July,ThreeStars,Hotel Pineto,78,4
Bathing,3298.0,2.0,Corsica,Plane,14.0,June,ThreeStars,Hotel Orizonte,8,96
Active,2718.0,2.0,Corsica,Plane,14.0,September,ThreeStars,Grand Hotel,57,72
Active,5678.0,3.0,Corsica,Plane,21.0,August,ThreeStars,Grand Hotel,11,90
Active,2038.0,2.0,Corsica,Plane,14.0,June,TwoStars,Mobilhomes La Pinede,59,58
Wandering,634.0,1.0,Corsica,Plane,7.0,April,TwoStars,Mobilhomes La Pinede,9,44
Wandering,2578.0,2.0,Corsica,Plane,14.0,May,ThreeStars,Grand Hotel,72,83
Bathing,659.0,4.0,Normandy,Car,7.0,June,HolidayFlat,H.Flat Normandy,42,26
Bathing,709.0,2.0,Normandy,Car,7.0,July,HolidayFlat,H.Flat Normandy,55,63
Active,809.0,4.0,Normandy,Car,7.0,August,HolidayFlat,H.Flat Normandy,48,5
Active,1418.0,2.0,Normandy,Car,14.0,August,HolidayFlat,H.Flat Normandy,85,88
Recreation,1618.0,4.0,Normandy,Car,14.0,July,HolidayFlat,H.Flat Normandy,92,35
Bathing,689.0,4.0,Brittany,Car,7.0,June,HolidayFlat,H.Flat Brittany,87,95
Bathing,1549.0,7.0,Brittany,Car,7.0,July,HolidayFlat,H.Flat Brittany,41,13
Bathing,1064.0,5.0,Brittany,Car,7.0,August,HolidayFlat,H.Flat Brittany,76,41
Bathing,519.0,4.0,Brittany,Car,7.0,September,HolidayFlat,H.Flat Brittany,26,60
Active,1219.0,6.0,Brittany,Car,7.0,August,HolidayFlat,H.Flat Brittany,36,83
Active,889.0,4.0,Brittany,Car,7.0,July,HolidayFlat,H.Flat Brittany,99,33
Active,1268.0,4.0,Brittany,Car,14.0,June,HolidayFlat,H.Flat Brittany,73,1
Recreation,2108.0,5.0,Brittany,Car,14.0,July,HolidayFlat,H.Flat Brittany,44,58
Recreation,1258.0,4.0,Brittany,Car,14.0,August,HolidayFlat,H.Flat Brittany,91,54
Recreation,1797.0,4.0,Brittany,Car,21.0,June,HolidayFlat,H.Flat Brittany,59,29
Bathing,3485.0,3.0,Attica,Plane,14.0,May,FourStars,"Hotel Golden Coast, Attica",12,53
Bathing,2038.0,2.0,Attica,Plane,14.0,April,TwoStars,"Hotel Calamos Beach, Attica",31,8
Bathing,3129.0,4.0,Attica,Plane,7.0,September,ThreeStars,"Hotel Kalypso Club, Attica",37,72
Bathing,2518.0,2.0,Attica,Plane,14.0,June,ThreeStars,"Hotel Menexelis, Attica",22,84
Bathing,3215.0,3.0,Attica,Plane,14.0,July,ThreeStars,"Hotel Miramare, Attica",88,50
Bathing,4002.0,3.0,Attica,Plane,21.0,September,FourStars,"Hotel Holidays in Evia, Attica",47,93
Bathing,3216.0,4.0,Attica,Plane,7.0,August,ThreeStars,"Hotel Menexelis, Attica",30,47
Bathing,1149.0,1.0,Attica,Plane,14.0,June,TwoStars,"Hotel Calamos Beach, Attica",89,29
Bathing,3658.0,2.0,Attica,Plane,14.0,July,FourStars,"Hotel Golden Coast, Attica",64,21
Bathing,3458.0,2.0,Attica,Plane,21.0,August,ThreeStars,"Hotel Menexelis, Attica",8,79
Bathing,2742.0,3.0,Attica,Plane,14.0,July,TwoStars,"Hotel Calamos Beach, Attica",70,91
Recreation,2258.0,2.0,Attica,Plane,7.0,June,FourStars,"Hotel Golden Coast, Attica",6,85
Recreation,1169.0,1.0,Attica,Plane,14.0,September,ThreeStars,"Hotel Miramare, Attica",23,9
Recreation,3215.0,3.0,Attica,Plane,14.0,August,ThreeStars,"Hotel Miramare, Attica",77,94
Recreation,3378.0,2.0,Attica,Plane,21.0,May,FourStars,"Hotel Golden Coast, Attica",28,57
Bathing,2787.0,3.0,Chalkidiki,Plane,14.0,July,TwoStars,"Hotel Sermyli, Chalkidiki",6,93
Bathing,4673.0,4.0,Chalkidiki,Plane,14.0,August,ThreeStars,"Hotel Portes Beach, Chalkidiki",11,50
Bathing,2898.0,2.0,Chalkidiki,Plane,21.0,September,ThreeStars,"Hotel Mendi, Chalkidiki",26,11
Bathing,2538.0,2.0,Chalkidiki,Plane,14.0,June,ThreeStars,"Hotel Olympico, Chalkidiki",80,85
Bathing,2427.0,3.0,Chalkidiki,Plane,7.0,July,ThreeStars,"Hotel Olympico, Chalkidiki",71,50
Recreation,2358.0,2.0,Chalkidiki,Plane,14.0,May,ThreeStars,"Hotel Olympico, Chalkidiki",59,66
Recreation,2898.0,2.0,Chalkidiki,Plane,21.0,September,ThreeStars,"Hotel Mendi, Chalkidiki",6,98
Recreation,2398.0,2.0,Chalkidiki,Plane,14.0,June,ThreeStars,"Hotel Mendi, Chalkidiki",30,91
Active,3718.0,3.0,Chalkidiki,Plane,14.0,July,FourStars,"Hotel Sani Beach, Chalkidiki",37,74
Active,3299.0,3.0,Chalkidiki,Plane,7.0,August,FourStars,"Hotel Sani Beach, Chalkidik",80,47
Active,3318.0,2.0,Chalkidiki,Plane,14.0,June,FourStars,"Hotel Sani Beach, Chalkidik",91,71
Recreation,5329.0,4.0,Chalkidiki,Plane,14.0,July,FourStars,"Hotel Athos Palace, Chalkidiki",35,54
Recreation,3258.0,2.0,Chalkidiki,Plane,21.0,May,FourStars,"Hotel Athos Palace, Chalkidiki",99,21
Recreation,3038.0,2.0,Chalkidiki,Plane,14.0,September,FourStars,"Hotel Athos Palace, Chalkidiki",26,49
Education,2738.0,2.0,Chalkidiki,Plane,21.0,October,FourStars,"Hotel Athos Palace, Chalkidiki",6,52
Bathing,2831.0,3.0,Corfu,Plane,14.0,June,TwoStars,"Hotel Iliada, Corfu",7,34
Bathing,3644.0,4.0,Corfu,Plane,14.0,July,TwoStars,"Hotel Iliada, Corfu",12,58
Bathing,3258.0,2.0,Corfu,Plane,21.0,September,ThreeStars,"Hotel Belvedere, Corfu",39,2
Bathing,3793.0,3.0,Corfu,Plane,14.0,August,ThreeStars,"Hotel Belvedere, Corfu",9,44
Bathing,2779.0,3.0,Corfu,Plane,7.0,August,ThreeStars,"Hotel Belvedere, Corfu",12,84
Bathing,2698.0,2.0,Corfu,Plane,14.0,June,ThreeStars,"Hotel Coral, Corfu",80,11
Bathing,3649.0,3.0,Corfu,Plane,21.0,September,ThreeStars,"Hotel Coral, Corfu",14,96
Bathing,3078.0,2.0,Corfu,Plane,14.0,July,ThreeStars,"Hotel Coral, Corfu",46,14
Bathing,3198.0,2.0,Corfu,Plane,14.0,September,ThreeStars,"Hotel Mirabell, Corfu",53,68
Active,3758.0,2.0,Corfu,Plane,21.0,June,ThreeStars,"Hotel Mirabell, Corfu",31,66
Active,3198.0,3.0,Corfu,Plane,14.0,August,ThreeStars,"Hotel Mirabell, Corfu",87,59
Active,2158.0,2.0,Corfu,Plane,7.0,July,FourStars,"Hotel Regency, Corfu",3,52
Recreation,3418.0,2.0,Corfu,Plane,21.0,June,FourStars,"Hotel Regency, Corfu",63,16
Recreation,3038.0,2.0,Corfu,Plane,14.0,September,FourStars,"Hotel Kerkyra Golf, Corfu",84,54
Recreation,2043.0,3.0,Corfu,Plane,7.0,May,FourStars,"Hotel Kerkyra Golf, Corfu",14,23
Bathing,2498.0,2.0,Crete,Plane,14.0,June,TwoStars,"Hotel Oceanis, Crete",98,18
Bathing,2417.0,3.0,Crete,Plane,14.0,July,TwoStars,"Hotel Ilios, Crete",65,97
Active,2825.0,4.0,Crete,Plane,7.0,August,TwoStars,"Hotel Oceanis, Crete",97,11
Bathing,3498.0,2.0,Crete,Plane,14.0,September,ThreeStars,"Hotel Creta Beach, Crete",25,98
Bathing,4198.0,2.0,Crete,Plane,21.0,June,ThreeStars,"Hotel Creta Beach, Crete",96,43
Bathing,3847.0,3.0,Crete,Plane,14.0,August,ThreeStars,"Hotel Creta Beach, Crete",57,81
Bathing,3175.0,4.0,Crete,Plane,7.0,July,ThreeStars,"Hotel Gortyna, Crete",14,64
Active,3038.0,2.0,Crete,Plane,14.0,September,ThreeStars,"Hotel Gortyna, Crete",87,59
Active,2758.0,2.0,Crete,Plane,14.0,June,ThreeStars,"Hotel Gortyna, Crete",90,81
Bathing,3198.0,2.0,Crete,Plane,14.0,June,FourStars,"Hotel Fodele Beach, Crete",14,38
Bathing,2298.0,2.0,Crete,Plane,7.0,May,FourStars,"Hotel Fodele Beach, Crete",80,18
Bathing,6609.0,3.0,Crete,Plane,21.0,July,FourStars,"Hotel Bali Paradise, Crete",17,10
Active,4068.0,3.0,Crete,Plane,14.0,August,FourStars,"Hotel Bali Paradise, Crete",37,63
Active,4463.0,3.0,Crete,Plane,21.0,June,FourStars,"Hotel Europa Beach, Crete",70,23
Education,3038.0,2.0,Crete,Plane,14.0,May,FourStars,"Hotel Europa Beach, Crete",32,49
Bathing,2263.0,3.0,Rhodes,Plane,14.0,May,TwoStars,"Studios Argiro, Rhodes",41,13
Bathing,2428.0,2.0,Rhodes,Plane,21.0,June,TwoStars,"Studios Argiro, Rhodes",41,71
Bathing,2263.0,3.0,Rhodes,Plane,7.0,July,ThreeStars,"Hotel Dafni, Rhodes",70,83
Bathing,3553.0,4.0,Rhodes,Plane,14.0,August,ThreeStars,"Hotel Dafni, Rhodes",12,66
Bathing,2791.0,3.0,Rhodes,Plane,14.0,July,ThreeStars,"Hotel Dafni, Rhodes",86,16
Recreation,1968.0,2.0,Rhodes,Plane,7.0,May,ThreeStars,"Hotel Kalithea Sun, Rhodes",84,81
Active,2758.0,2.0,Rhodes,Plane,14.0,June,ThreeStars,"Hotel Kalithea Sun, Rhodes",54,10
Active,4364.0,3.0,Rhodes,Plane,21.0,July,ThreeStars,"Hotel Kalithea Sun, Rhodes",29,28
Education,2478.0,2.0,Rhodes,Plane,14.0,October,ThreeStars,"Hotel Kalithea Sun, Rhodes",73,81
Bathing,3869.0,3.0,Rhodes,Plane,14.0,July,FourStars,"Hotel Columbia Resort, Rhodes",53,62
Bathing,3958.0,2.0,Rhodes,Plane,21.0,September,FourStars,"Hotel Columbia Resort, Rhodes",97,87
Bathing,4925.0,4.0,Rhodes,Plane,14.0,August,FourStars,"Hotel Columbia Resort, Rhodes",86,19
Active,3498.0,2.0,Rhodes,Plane,14.0,July,FourStars,"Hotel Paradise Beach, Rhodes",41,70
Recreation,2298.0,2.0,Rhodes,Plane,7.0,June,FourStars,"Hotel Paradise Beach, Rhodes",60,22
Education,3098.0,2.0,Rhodes,Plane,14.0,September,FourStars,"Hotel Paradise Beach, Rhodes",28,93
Education,2068.0,4.0,England,Car,14.0,June,HolidayFlat,H.Flat England,99,47
Language,3582.0,6.0,England,Car,21.0,July,HolidayFlat,H.Flat England,65,34
Language,2398.0,8.0,England,Car,14.0,August,HolidayFlat,H.Flat England,77,50
Recreation,2298.0,7.0,England,Car,14.0,September,HolidayFlat,H.Flat England,41,15
Recreation,3297.0,6.0,England,Car,21.0,July,HolidayFlat,H.Flat England,79,1
Education,3208.0,8.0,Ireland,Car,14.0,August,HolidayFlat,H.Flat Ireland,1,2
Language,2592.0,6.0,Ireland,Car,21.0,June,HolidayFlat,H.Flat Ireland,79,67
Language,2048.0,7.0,Ireland,Car,14.0,July,HolidayFlat,H.Flat Ireland,97,77
Recreation,2388.0,4.0,Ireland,Car,14.0,August,HolidayFlat,H.Flat Ireland,67,63
Recreation,2457.0,8.0,Ireland,Car,21.0,September,HolidayFlat,H.Flat Ireland,74,52
Education,2458.0,3.0,Scotland,Car,14.0,June,HolidayFlat,H.Flat Scotland,25,16
Language,3282.0,2.0,Scotland,Car,21.0,July,HolidayFlat,H.Flat Scotland,55,29
Language,3878.0,6.0,Scotland,Car,14.0,August,HolidayFlat,H.Flat Scotland,91,16
Recreation,2738.0,2.0,Scotland,Car,14.0,September,HolidayFlat,H.Flat Scotland,54,31
Recreation,2248.0,2.0,Scotland,Car,21.0,July,HolidayFlat,H.Flat Scotland,70,37
Education,1808.0,5.0,Wales,Car,14.0,June,HolidayFlat,H.Flat Wales,66,50
Language,3732.0,5.0,Wales,Car,21.0,July,HolidayFlat,H.Flat Wales,27,1
Language,2628.0,6.0,Wales,Car,14.0,August,HolidayFlat,H.Flat Wales,18,9
Recreation,1888.0,6.0,Wales,Car,14.0,September,HolidayFlat,H.Flat Wales,59,41
Recreation,3297.0,6.0,Wales,Car,21.0,July,HolidayFlat,H.Flat Wales,39,58
Bathing,1408.0,6.0,NorthSea,Car,14.0,June,HolidayFlat,"H.Flat North Sea, Holland",47,7
Bathing,649.0,5.0,NorthSea,Car,7.0,July,HolidayFlat,"H.Flat North Sea, Holland",99,87
Bathing,1478.0,3.0,NorthSea,Car,14.0,August,HolidayFlat,"H.Flat North Sea, Holland",1,92
Active,1598.0,4.0,NorthSea,Car,14.0,July,HolidayFlat,"H.Flat North Sea, Holland",87,95
Recreation,559.0,6.0,NorthSea,Train,7.0,August,HolidayFlat,"H.Flat North Sea, Holland",87,52
Recreation,1198.0,3.0,NorthSea,Train,14.0,September,HolidayFlat,"H.Flat North Sea, Holland",37,46
Active,514.0,5.0,NorthSea,Coach,7.0,June,HolidayFlat,"H.Flat North Sea, Holland",57,36
Bathing,474.0,5.0,NorthSea,Car,3.0,June,HolidayFlat,"H.Flat North Sea, Holland",95,23
Bathing,539.0,4.0,NorthSea,Car,3.0,May,HolidayFlat,"H.Flat North Sea, Holland",89,51
Bathing,329.0,6.0,NorthSea,Car,3.0,June,HolidayFlat,"H.Flat North Sea, Holland",88,77
Active,3280.0,4.0,Holland,Car,14.0,April,HolidayFlat,"Park Gran Dorado, Holland",84,31
Active,790.0,2.0,Holland,Train,7.0,May,HolidayFlat,"Park Gran Dorado, Holland",94,35
Active,2620.0,4.0,Holland,Train,14.0,June,HolidayFlat,"Park Gran Dorado, Holland",83,6
Active,1900.0,5.0,Holland,Train,14.0,October,HolidayFlat,"Park Gran Dorado, Holland",81,53
Recreation,2760.0,4.0,Holland,Train,14.0,July,HolidayFlat,"Park Gran Dorado, Holland",57,20
Recreation,1580.0,6.0,Holland,Coach,7.0,August,HolidayFlat,"Park Gran Dorado, Holland",48,48
Recreation,2468.0,2.0,Holland,Coach,14.0,September,HolidayFlat,"Park Gran Dorado, Holland",74,73
Recreation,2780.0,4.0,Holland,Coach,14.0,July,HolidayFlat,"Park Gran Dorado, Holland",66,85
Recreation,485.0,2.0,Holland,Coach,3.0,May,HolidayFlat,"Park Gran Dorado, Holland",42,29
Recreation,735.0,4.0,Holland,Coach,4.0,June,HolidayFlat,"Park Gran Dorado, Holland",18,76
Recreation,705.0,6.0,Holland,Coach,3.0,September,HolidayFlat,"Park Gran Dorado, Holland",36,37
Bathing,1438.0,2.0,AdriaticSea,Car,14.0,June,TwoStars,"Hotel Mexico, Adriatic Sea",96,33
Bathing,1375.0,3.0,AdriaticSea,Car,7.0,July,TwoStars,"Hotel Tropic, Adriatic Sea",88,30
Bathing,1547.0,4.0,AdriaticSea,Car,14.0,August,TwoStars,"Hotel Mexico, Adriatic Sea",45,71
Bathing,1238.0,2.0,AdriaticSea,Car,14.0,September,TwoStars,"Hotel Mexico, Adriatic Sea",61,42
Bathing,2311.0,3.0,AdriaticSea,Car,14.0,August,TwoStars,"Hotel Tropic, Adriatic Sea",51,43
Active,1193.0,3.0,AdriaticSea,Car,7.0,July,TwoStars,"Hotel Sporting, Adriatic Sea",34,28
Recreation,1758.0,2.0,AdriaticSea,Car,21.0,May,TwoStars,"Hotel Sporting, Adriatic Sea",4,81
Bathing,1678.0,2.0,AdriaticSea,Car,14.0,July,ThreeStars,"Hotel Nautilus, Adriatic Sea",54,11
Bathing,1349.0,4.0,AdriaticSea,Car,7.0,August,ThreeStars,"Hotel Nautilus, Adriatic Sea",19,72
Recreation,1278.0,2.0,AdriaticSea,Car,14.0,June,ThreeStars,"Hotel Nautilus, Adriatic Sea",66,58
Bathing,679.0,6.0,AdriaticSea,Car,7.0,June,HolidayFlat,H.Flat Adriatic Sea,1,56
Bathing,699.0,4.0,AdriaticSea,Car,7.0,July,HolidayFlat,H.Flat Adriatic Sea,35,5
Bathing,1139.0,5.0,AdriaticSea,Car,7.0,August,HolidayFlat,H.Flat Adriatic Sea,45,52
Bathing,439.0,6.0,AdriaticSea,Car,14.0,September,HolidayFlat,H.Flat Adriatic Sea,49,89
Bathing,598.0,2.0,AdriaticSea,Car,14.0,May,HolidayFlat,H.Flat Adriatic Sea,46,12
Bathing,1538.0,3.0,AdriaticSea,Car,14.0,July,HolidayFlat,H.Flat Adriatic Sea,34,30
Active,998.0,4.0,AdriaticSea,Car,14.0,June,HolidayFlat,H.Flat Adriatic Sea,87,98
Active,1359.0,8.0,AdriaticSea,Car,7.0,August,HolidayFlat,H.Flat Adriatic Sea,85,21
Recreation,798.0,3.0,AdriaticSea,Car,14.0,September,HolidayFlat,H.Flat Adriatic Sea,6,93
Recreation,399.0,6.0,AdriaticSea,Car,7.0,June,HolidayFlat,H.Flat Adriatic Sea,39,62
Recreation,1608.0,2.0,LakeGarda,Car,14.0,May,TwoStars,"Hotel Palme, Lake Garda",68,38
Recreation,1838.0,2.0,LakeGarda,Car,14.0,June,TwoStars,"Hotel Marco Polo, Lake Garda",60,32
Recreation,1593.0,4.0,LakeGarda,Car,7.0,July,TwoStars,"Hotel Palme, Lake Garda",68,14
Bathing,2897.0,3.0,LakeGarda,Car,14.0,August,ThreeStars,"Hotel Excelsior Bay, Lake Garda",75,49
Active,1098.0,2.0,LakeGarda,Car,7.0,September,ThreeStars,"Hotel Excelsior Bay, Lake Garda",41,55
Active,2897.0,3.0,LakeGarda,Car,14.0,June,ThreeStars,"Hotel Royal, Lake Garda",38,71
Wandering,5497.0,3.0,LakeGarda,Car,21.0,July,ThreeStars,"Hotel Royal, Lake Garda",3,6
Recreation,2118.0,2.0,LakeGarda,Car,14.0,September,FourStars,"Hotel Olimpo, Lake Garda",57,5
Recreation,3138.0,2.0,LakeGarda,Car,21.0,May,FourStars,"Hotel Olimpo, Lake Garda",15,62
Wandering,3678.0,3.0,LakeGarda,Car,14.0,July,FourStars,"Hotel Leonardo, Lake Garda",63,22
Recreation,798.0,4.0,LakeGarda,Car,14.0,May,HolidayFlat,"H.Flat Gardasee, Italy",73,2
Recreation,1398.0,5.0,LakeGarda,Car,14.0,June,HolidayFlat,"H.Flat Gardasee, Italy",36,18
Recreation,479.0,6.0,LakeGarda,Car,7.0,July,HolidayFlat,"H.Flat Gardasee, Italy",97,55
Recreation,624.0,2.0,LakeGarda,Car,7.0,August,HolidayFlat,"H.Flat Gardasee, Italy",5,16
Active,579.0,3.0,LakeGarda,Car,7.0,September,HolidayFlat,"H.Flat Gardasee, Italy",86,68
Active,884.0,6.0,LakeGarda,Car,7.0,July,HolidayFlat,"H.Flat Gardasee, Italy",25,19
Active,928.0,2.0,LakeGarda,Car,14.0,June,HolidayFlat,"H.Flat Gardasee, Italy",63,24
Bathing,1099.0,3.0,LakeGarda,Car,7.0,August,HolidayFlat,"H.Flat Gardasee, Italy",65,37
Wandering,599.0,4.0,LakeGarda,Car,7.0,September,HolidayFlat,"H.Flat Gardasee, Italy",1,68
Wandering,1078.0,2.0,LakeGarda,Car,14.0,June,HolidayFlat,"H.Flat Gardasee, Italy",48,25
Bathing,1178.0,2.0,Riviera,Car,14.0,July,OneStar,"Hotel Tritone, Ital. Riviera",1,84
Bathing,622.0,3.0,Riviera,Car,7.0,August,OneStar,"Hotel Tritone, Ital. Riviera",64,45
Recreation,648.0,2.0,Riviera,Car,7.0,April,TwoStars,"Hotel Al Sole, Ital. Riviera",55,71
Recreation,1508.0,2.0,Riviera,Car,14.0,June,TwoStars,"Hotel Al Sole, Ital. Riviera",82,64
Bathing,747.0,3.0,Riviera,Car,7.0,September,TwoStars,"Hotel La Vela, Ital. Riviera",75,82
Bathing,2222.0,4.0,Riviera,Car,14.0,July,TwoStars,"Hotel La Vela, Ital. Riviera",16,88
Bathing,869.0,5.0,Riviera,Car,7.0,July,HolidayFlat,"H.Flat Riviera, Italy",17,17
Bathing,484.0,3.0,Riviera,Car,7.0,August,HolidayFlat,"H.Flat Riviera, Italy",13,10
Bathing,599.0,2.0,Riviera,Car,14.0,September,HolidayFlat,"H.Flat Riviera, Italy",30,74
Bathing,2678.0,4.0,Riviera,Car,14.0,August,HolidayFlat,"H.Flat Riviera, Italy",9,18
Bathing,1738.0,3.0,Riviera,Car,14.0,July,HolidayFlat,"H.Flat Riviera, Italy",27,83
Recreation,429.0,6.0,Riviera,Car,7.0,June,HolidayFlat,"H.Flat Riviera, Italy",57,2
Recreation,1088.0,6.0,Riviera,Car,14.0,May,HolidayFlat,"H.Flat Riviera, Italy",58,52
Active,529.0,4.0,Riviera,Car,7.0,June,HolidayFlat,"H.Flat Riviera, Italy",83,59
Active,1588.0,2.0,Riviera,Car,14.0,July,HolidayFlat,"H.Flat Riviera, Italy",75,96
Wandering,1258.0,2.0,Tyrol,Car,14.0,June,TwoStars,"Pension garni Toni, South Tyrol",17,13
Recreation,822.0,3.0,Tyrol,Car,7.0,May,TwoStars,"Pension garni Toni, South Tyrol",38,57
Wandering,1499.0,3.0,Tyrol,Car,14.0,July,ThreeStars,"Hotel Untersteinerhof, South Tyrol",59,34
Wandering,718.0,2.0,Tyrol,Car,7.0,September,ThreeStars,"Hotel Untersteinerhof, South Tyrol",9,38
Recreation,1528.0,2.0,Tyrol,Car,14.0,August,ThreeStars,"Gasthof Adler, South Tyrol",95,35
Active,798.0,2.0,Tyrol,Car,7.0,July,ThreeStars,"Gasthof Adler, South Tyrol",48,16
Wandering,1479.0,3.0,Tyrol,Car,7.0,June,FourStars,"Posthotel Weisses Roessel, South Tyrol",17,2
Wandering,2658.0,2.0,Tyrol,Car,14.0,July,FourStars,"Posthotel Weisses Roessel, South Tyrol",22,76
Recreation,1997.0,4.0,Tyrol,Car,7.0,September,FourStars,"Hotel Nido, South Tyrol",71,76
Recreation,2888.0,2.0,Tyrol,Car,14.0,June,FourStars,"Hotel Nido, South Tyrol",90,67
Wandering,439.0,4.0,Tyrol,Car,7.0,June,HolidayFlat,"H.Flat Tirol, Italy",12,55
Wandering,319.0,3.0,Tyrol,Car,7.0,July,HolidayFlat,"H.Flat Tirol, Italy",3,3
Recreation,769.0,6.0,Tyrol,Car,7.0,August,HolidayFlat,"H.Flat Tirol, Italy",31,96
Recreation,1398.0,4.0,Tyrol,Car,14.0,September,HolidayFlat,"H.Flat Tirol, Italy",59,70
Active,559.0,4.0,Tyrol,Car,7.0,May,HolidayFlat,"H.Flat Tirol, Italy",63,46
Language,2039.0,1.0,Malta,Plane,21.0,September,TwoStars,"Sprachkurs, Malta",44,32
Language,4078.0,2.0,Malta,Plane,21.0,July,TwoStars,"Sprachkurs, Malta",86,97
Language,1539.0,1.0,Malta,Plane,14.0,August,TwoStars,"Sprachkurs, Malta",62,50
Bathing,1598.0,2.0,Malta,Plane,14.0,June,TwoStars,"Hotel Viking, Malta",60,15
Language,2039.0,1.0,Malta,Plane,21.0,September,ThreeStars,"Sprachkurs, Malta",46,25
Bathing,3637.0,3.0,Malta,Plane,14.0,July,ThreeStars,"Hotel Calypso, Malta",93,62
Bathing,4476.0,4.0,Malta,Plane,14.0,August,ThreeStars,"Hotel Calypso, Malta",41,11
Bathing,4729.0,3.0,Malta,Plane,21.0,July,ThreeStars,"Hotel Calypso, Malta",85,86
Active,3078.0,2.0,Malta,Plane,14.0,September,ThreeStars,"Hotel Atlantis, Malta",95,53
Recreation,3518.0,2.0,Malta,Plane,21.0,May,ThreeStars,"Hotel Atlantis, Malta",24,31
Bathing,4147.0,3.0,Malta,Plane,14.0,August,FourStars,"Hotel Suncrest, Malta",90,42
Bathing,3978.0,2.0,Malta,Plane,21.0,June,FourStars,"Hotel Suncrest, Malta",50,40
Active,3267.0,4.0,Malta,Plane,7.0,July,FourStars,"Hotel Suncrest, Malta",37,62
Active,4391.0,3.0,Malta,Plane,14.0,August,FourStars,"Hotel Cornucopia, Malta",11,77
Recreation,3278.0,2.0,Malta,Plane,14.0,May,FourStars,"Hotel Cornucopia, Malta",85,69
Wandering,1008.0,2.0,Carinthia,Car,14.0,May,TwoStars,"Pension Linde, Carinthia",47,61
Wandering,538.0,3.0,Carinthia,Car,7.0,June,TwoStars,"Pension Linde, Carinthia",4,73
Recreation,1472.0,3.0,Carinthia,Car,14.0,July,TwoStars,"Pension Seehof, Carinthia",27,79
Recreation,1438.0,2.0,Carinthia,Car,21.0,August,TwoStars,"Pension Seehof, Carinthia",83,33
Wandering,1498.0,2.0,Carinthia,Car,14.0,September,ThreeStars,"Aktivhotel Alte Muehle, Carinthia",17,35
Wandering,1326.0,5.0,Carinthia,Car,7.0,August,ThreeStars,"Ferienhotel Eichenhof, Carinthia",14,10
Wandering,1247.0,3.0,Carinthia,Car,7.0,July,ThreeStars,"Ferienhotel Eichenhof, Carinthia",85,43
Recreation,1058.0,2.0,Carinthia,Car,7.0,June,ThreeStars,"Hotel Ebner, Carinthia",85,49
Recreation,1698.0,2.0,Carinthia,Car,14.0,May,ThreeStars,"Hotel Ebner, Carinthia",91,73
Active,2572.0,3.0,Carinthia,Car,14.0,July,ThreeStars,"Aktivhotel Alte Muehle, Carinthia",1,22
Wandering,499.0,4.0,Carinthia,Car,7.0,May,HolidayFlat,H.Flat Kaernten,87,43
Wandering,1049.0,6.0,Carinthia,Car,7.0,June,HolidayFlat,H.Flat Kaernten,47,28
Wandering,779.0,4.0,Carinthia,Car,7.0,July,HolidayFlat,H.Flat Kaernten,85,39
Wandering,1858.0,3.0,Carinthia,Car,14.0,August,HolidayFlat,H.Flat Kaernten,58,83
Recreation,1149.0,6.0,Carinthia,Car,7.0,September,HolidayFlat,H.Flat Kaernten,46,38
Recreation,559.0,3.0,Carinthia,Car,7.0,May,HolidayFlat,H.Flat Kaernten,95,95
Recreation,1073.0,2.0,Carinthia,Car,14.0,June,HolidayFlat,H.Flat Kaernten,51,4
Recreation,1358.0,3.0,Carinthia,Car,14.0,July,HolidayFlat,H.Flat Kaernten,51,42
Active,829.0,6.0,Carinthia,Car,7.0,August,HolidayFlat,H.Flat Kaernten,20,13
Active,579.0,4.0,Carinthia,Car,7.0,September,HolidayFlat,H.Flat Kaernten,97,83
Wandering,778.0,2.0,SalzbergerLand,Car,14.0,May,TwoStars,"Pension Claudia, Salzb. Land",54,1
Recreation,418.0,2.0,SalzbergerLand,Car,7.0,June,TwoStars,"Pension Claudia, Salzb. Land",69,9
Wandering,1572.0,3.0,SalzbergerLand,Car,14.0,July,ThreeStars,"Hotel Tauernhof, Salzb. Land",39,83
Active,837.0,4.0,SalzbergerLand,Car,7.0,August,ThreeStars,"Hotel Tauernhof, Salzb. Land",32,95
Wandering,718.0,2.0,SalzbergerLand,Car,7.0,September,ThreeStars,"Gasthof Bachschmied, Salzb. Land",62,62
Recreation,2038.0,2.0,SalzbergerLand,Car,21.0,May,ThreeStars,"Gasthof Bachschmied, Salzb. Land",47,20
Wandering,1538.0,3.0,SalzbergerLand,Car,14.0,June,FourStars,"Hotel Eschbacher, Salzb. Land",56,39
Recreation,2322.0,3.0,SalzbergerLand,Car,14.0,July,FourStars,"Hotel Eschbacher, Salzb. Land",66,72
Wandering,2127.0,4.0,SalzbergerLand,Car,7.0,August,FourStars,"Hotel Norica, Salzb. Land",42,13
Active,2627.0,3.0,SalzbergerLand,Car,14.0,September,FourStars,"Hotel Norica, Salzb. Land",10,74
Wandering,1798.0,2.0,SalzbergerLand,Car,7.0,July,FiveStars,"Alpnerresidenz, Salzb. Land",76,24
Recreation,1518.0,2.0,SalzbergerLand,Car,7.0,June,FiveStars,"Alpnerresidenz, Salzb. Land",27,71
Wandering,684.0,4.0,SalzbergerLand,Car,7.0,May,HolidayFlat,H.Flat Salzb. Land,84,85
Wandering,729.0,6.0,SalzbergerLand,Car,7.0,June,HolidayFlat,H.Flat Salzb. Land,23,67
Wandering,699.0,4.0,SalzbergerLand,Car,7.0,July,HolidayFlat,H.Flat Salzb. Land,54,89
Wandering,349.0,2.0,SalzbergerLand,Car,14.0,August,HolidayFlat,H.Flat Salzb. Land,45,60
Recreation,354.0,3.0,SalzbergerLand,Car,7.0,September,HolidayFlat,H.Flat Salzb. Land,75,75
Recreation,399.0,2.0,SalzbergerLand,Car,7.0,August,HolidayFlat,H.Flat Salzb. Land,23,56
Recreation,719.0,6.0,SalzbergerLand,Car,7.0,July,HolidayFlat,H.Flat Salzb. Land,80,15
Recreation,1223.0,4.0,SalzbergerLand,Car,14.0,June,HolidayFlat,H.Flat Salzb. Land,92,19
Active,484.0,3.0,SalzbergerLand,Car,7.0,July,HolidayFlat,H.Flat Salzb. Land,10,14
Active,1228.0,4.0,SalzbergerLand,Car,14.0,June,HolidayFlat,H.Flat Salzb. Land,23,48
Wandering,898.0,2.0,Styria,Car,14.0,June,TwoStars,"Gasthof Mayer, Styria",29,14
Recreation,478.0,3.0,Styria,Car,7.0,May,TwoStars,"Gasthof Mayer, Styria",80,15
Wandering,2372.0,3.0,Styria,Car,14.0,July,ThreeStars,"Hotel Berghof, Styria",36,93
Wandering,1227.0,4.0,Styria,Car,7.0,August,ThreeStars,"Hotel Berghof, Styria",57,56
Active,1578.0,2.0,Styria,Car,14.0,September,ThreeStars,"Hotel Berghof, Styria",90,76
Wandering,847.0,3.0,Styria,Car,7.0,May,FourStars,"Hotel Haeuserl am Wald, Styria",21,63
Recreation,678.0,2.0,Styria,Car,7.0,June,FourStars,"Hotel Haeuserl am Wald, Styria",29,97
Wandering,379.0,2.0,Styria,Car,7.0,July,HolidayFlat,H.Flat Styria,21,31
Wandering,369.0,4.0,Styria,Car,7.0,August,HolidayFlat,H.Flat Styria,81,89
Wandering,708.0,2.0,Styria,Car,14.0,September,HolidayFlat,H.Flat Styria,19,32
Recreation,569.0,6.0,Styria,Car,7.0,August,HolidayFlat,H.Flat Styria,6,36
Recreation,379.0,4.0,Styria,Car,7.0,July,HolidayFlat,H.Flat Styria,91,72
Recreation,429.0,4.0,Styria,Car,7.0,June,HolidayFlat,H.Flat Styria,38,14
Recreation,348.0,2.0,Styria,Car,14.0,May,HolidayFlat,H.Flat Styria,63,46
Active,909.0,4.0,Styria,Car,7.0,July,HolidayFlat,H.Flat Styria,90,78
Wandering,548.0,2.0,Tyrol,Car,7.0,May,OneStar,"Gasthof Edelweiss, Tyrol",85,66
Wandering,685.0,3.0,Tyrol,Car,7.0,June,OneStar,"Gasthof Edelweiss, Tyrol",69,12
Wandering,897.0,4.0,Tyrol,Car,7.0,July,TwoStars,"Gasthof Post, Tyrol",69,22
Wandering,2322.0,3.0,Tyrol,Car,14.0,August,TwoStars,"Pension Tannenhof, Tyrol",45,59
Recreation,698.0,2.0,Tyrol,Car,7.0,September,TwoStars,"Gasthof Sonne, Tyrol",11,37
Wandering,798.0,2.0,Tyrol,Car,7.0,August,ThreeStars,"Gasthof Panorama, Tyrol",15,88
Wandering,1808.0,2.0,Tyrol,Car,14.0,July,ThreeStars,"Gasthof Panorama, Tyrol",6,91
Recreation,1972.0,3.0,Tyrol,Car,14.0,June,ThreeStars,"Ferienhotel Neuwirt, Tyrol",27,12
Active,818.0,2.0,Tyrol,Car,7.0,June,ThreeStars,"Ferienhotel Neuwirt, Tyrol",61,72
Wandering,738.0,2.0,Tyrol,Car,7.0,May,FourStars,"Hotel Wastlhof, Tyrol",88,5
Wandering,3267.0,4.0,Tyrol,Car,14.0,July,FourStars,"Hotel Klausen, Tyrol",96,75
Recreation,1571.0,5.0,Tyrol,Car,7.0,August,FourStars,"Hotel Unterwirt, Tyrol",51,16
Wandering,1198.0,2.0,Tyrol,Car,7.0,September,FiveStars,"Hotel Alpenresidence, Tyrol",48,68
Recreation,1847.0,3.0,Tyrol,Car,7.0,July,FiveStars,"Hotel Alpenresidence, Tyrol",24,83
Active,3098.0,3.0,Tyrol,Car,14.0,August,FiveStars,Aparthotel Hopfgarten,71,31
Wandering,449.0,3.0,Tyrol,Car,7.0,May,HolidayFlat,H.Flat Tyrol,98,60
Wandering,654.0,5.0,Tyrol,Car,7.0,June,HolidayFlat,H.Flat Tyrol,46,52
Wandering,539.0,4.0,Tyrol,Car,7.0,July,HolidayFlat,H.Flat Tyrol,13,39
Wandering,609.0,5.0,Tyrol,Car,7.0,August,HolidayFlat,H.Flat Tyrol,90,65
Wandering,484.0,2.0,Tyrol,Car,7.0,September,HolidayFlat,H.Flat Tyrol,19,36
Wandering,789.0,6.0,Tyrol,Car,7.0,August,HolidayFlat,H.Flat Tyrol,38,30
Wandering,838.0,3.0,Tyrol,Car,14.0,July,HolidayFlat,H.Flat Tyrol,61,90
Wandering,728.0,2.0,Tyrol,Car,14.0,June,HolidayFlat,H.Flat Tyrol,61,63
Recreation,729.0,5.0,Tyrol,Car,7.0,May,HolidayFlat,H.Flat Tyrol,36,14
Recreation,849.0,6.0,Tyrol,Car,7.0,June,HolidayFlat,H.Flat Tyrol,48,54
Recreation,494.0,3.0,Tyrol,Car,7.0,July,HolidayFlat,H.Flat Tyrol,23,35
Recreation,599.0,5.0,Tyrol,Car,7.0,August,HolidayFlat,H.Flat Tyrol,49,56
Recreation,688.0,2.0,Tyrol,Car,14.0,September,HolidayFlat,H.Flat Tyrol,51,78
Active,789.0,7.0,Tyrol,Car,7.0,June,HolidayFlat,H.Flat Tyrol,19,41
Active,1538.0,4.0,Tyrol,Car,14.0,July,HolidayFlat,H.Flat Tyrol,21,57
Bathing,2518.0,2.0,Algarve,Plane,14.0,May,TwoStars,"Anlage Aldeia, Algarve",54,57
Bathing,2562.0,3.0,Algarve,Plane,14.0,June,TwoStars,"Anlage Aldeia, Algarve",30,85
Active,2371.0,3.0,Algarve,Plane,7.0,July,TwoStars,"Anlage Aldeia, Algarve",32,49
Bathing,3271.0,3.0,Algarve,Plane,21.0,September,ThreeStars,"Hotel Tropico, Algarve",92,33
Bathing,3398.0,2.0,Algarve,Plane,14.0,August,ThreeStars,"Hotel Tropico, Algarve",42,28
Bathing,2998.0,2.0,Algarve,Plane,14.0,June,ThreeStars,"Hotel Tropico, Algarve",56,77
Bathing,4253.0,4.0,Algarve,Plane,7.0,July,ThreeStars,"Hotel California, Algarve",67,58
Bathing,3758.0,2.0,Algarve,Plane,14.0,September,ThreeStars,"Hotel California, Algarve",32,20
Active,4885.0,3.0,Algarve,Plane,14.0,June,ThreeStars,"Hotel California, Algarve",98,74
Active,3958.0,2.0,Algarve,Plane,21.0,May,ThreeStars,"Hotel California, Algarve",22,37
Active,2678.0,2.0,Algarve,Plane,7.0,July,ThreeStars,"Eurotel Altura, Algarve",23,22
Recreation,3078.0,2.0,Algarve,Plane,14.0,April,ThreeStars,"Eurotel Altura, Algarve",38,44
Recreation,2158.0,2.0,Algarve,Plane,7.0,October,ThreeStars,"Eurotel Altura, Algarve",42,65
Bathing,3642.0,3.0,Algarve,Plane,14.0,July,FourStars,"Hotel Neptuno, Algarve",28,99
Active,4533.0,4.0,Algarve,Plane,14.0,August,FourStars,"Hotel Neptuno, Algarve",48,31
Bathing,3518.0,2.0,Madeira,Plane,14.0,June,TwoStars,"Anlage Canico, Madeira",84,77
Bathing,3440.0,3.0,Madeira,Plane,14.0,July,TwoStars,"Anlage Canico, Madeira",25,29
Bathing,4126.0,3.0,Madeira,Plane,21.0,August,TwoStars,"Anlage Canico, Madeira",54,15
Active,3518.0,2.0,Madeira,Plane,14.0,September,TwoStars,"Anlage Canico, Madeira",91,6
Bathing,3238.0,2.0,Madeira,Plane,14.0,June,ThreeStars,"Hotel Mimosa, Madeira",83,19
Bathing,4091.0,4.0,Madeira,Plane,7.0,July,ThreeStars,"Hotel Mimosa, Madeira",23,31
Bathing,4452.0,3.0,Madeira,Plane,21.0,September,ThreeStars,"Hotel Mimosa, Madeira",70,34
Active,3598.0,2.0,Madeira,Plane,14.0,August,ThreeStars,"Hotel Orca Praia, Madeira",95,29
Active,4438.0,2.0,Madeira,Plane,21.0,September,ThreeStars,"Hotel Orca Praia, Madeira",83,65
Recreation,4318.0,2.0,Madeira,Plane,21.0,May,ThreeStars,"Hotel Orca Praia, Madeira",65,35
Recreation,3318.0,2.0,Madeira,Plane,14.0,October,ThreeStars,"Hotel Orca Praia, Madeira",87,69
Bathing,2922.0,3.0,Madeira,Plane,7.0,July,FourStars,"Hotel Raga, Madeira",98,54
Bathing,5225.0,4.0,Madeira,Plane,14.0,August,FourStars,"Hotel Raga, Madeira",40,10
Active,3989.0,2.0,Madeira,Plane,14.0,June,FourStars,"Hotel Oasis Atlantic, Madeira",55,19
Active,3897.0,3.0,Madeira,Plane,7.0,July,FourStars,"Hotel Oasis Atlantic, Madeira",8,43
Recreation,469.0,4.0,Sweden,Car,7.0,June,HolidayFlat,H.Flat Sweden,2,1
Recreation,799.0,6.0,Sweden,Car,7.0,July,HolidayFlat,H.Flat Sweden,66,37
Recreation,519.0,5.0,Sweden,Car,7.0,August,HolidayFlat,H.Flat Sweden,56,23
Recreation,539.0,4.0,Sweden,Car,7.0,September,HolidayFlat,H.Flat Sweden,39,63
Recreation,989.0,6.0,Sweden,Car,7.0,October,HolidayFlat,H.Flat Sweden,1,4
Recreation,649.0,6.0,Sweden,Car,7.0,August,HolidayFlat,H.Flat Sweden,38,13
Recreation,779.0,4.0,Sweden,Car,7.0,July,HolidayFlat,H.Flat Sweden,15,74
Recreation,1578.0,4.0,Sweden,Car,14.0,June,HolidayFlat,H.Flat Sweden,69,38
Recreation,1538.0,4.0,Sweden,Car,14.0,July,HolidayFlat,H.Flat Sweden,22,39
Recreation,1318.0,4.0,Sweden,Car,14.0,August,HolidayFlat,H.Flat Sweden,25,84
Recreation,1178.0,6.0,Sweden,Car,14.0,September,HolidayFlat,H.Flat Sweden,67,54
Wandering,639.0,6.0,Sweden,Car,7.0,June,HolidayFlat,H.Flat Sweden,63,46
Wandering,799.0,6.0,Sweden,Car,7.0,July,HolidayFlat,H.Flat Sweden,99,65
Wandering,789.0,4.0,Sweden,Car,7.0,August,HolidayFlat,H.Flat Sweden,24,99
Wandering,938.0,4.0,Sweden,Car,14.0,September,HolidayFlat,H.Flat Sweden,7,19
Wandering,764.0,3.0,Alps,Car,7.0,May,HolidayFlat,H.Flat Switzerland,31,78
Wandering,494.0,2.0,Alps,Car,7.0,June,HolidayFlat,H.Flat Switzerland,79,37
Wandering,989.0,6.0,Alps,Car,7.0,July,HolidayFlat,H.Flat Switzerland,43,15
Wandering,799.0,4.0,Alps,Car,7.0,August,HolidayFlat,H.Flat Switzerland,2,25
Wandering,839.0,2.0,Alps,Car,7.0,September,HolidayFlat,H.Flat Switzerland,46,24
Wandering,799.0,3.0,Alps,Car,7.0,June,HolidayFlat,H.Flat Switzerland,80,97
Wandering,779.0,6.0,Alps,Car,7.0,July,HolidayFlat,H.Flat Switzerland,22,89
Wandering,529.0,4.0,Alps,Car,7.0,August,HolidayFlat,H.Flat Switzerland,97,92
Wandering,858.0,3.0,Alps,Car,14.0,September,HolidayFlat,H.Flat Switzerland,2,69
Wandering,1303.0,4.0,Alps,Car,14.0,June,HolidayFlat,H.Flat Switzerland,24,49
Wandering,738.0,6.0,Alps,Car,14.0,May,HolidayFlat,H.Flat Switzerland,79,88
Wandering,908.0,2.0,Alps,Car,14.0,July,HolidayFlat,H.Flat Switzerland,64,87
Recreation,729.0,3.0,Alps,Car,7.0,May,HolidayFlat,H.Flat Switzerland,93,25
Recreation,779.0,6.0,Alps,Car,7.0,June,HolidayFlat,H.Flat Switzerland,12,53
Recreation,519.0,4.0,Alps,Car,7.0,July,HolidayFlat,H.Flat Switzerland,3,46
Recreation,1184.0,4.0,Alps,Car,7.0,August,HolidayFlat,H.Flat Switzerland,86,37
Recreation,629.0,2.0,Alps,Car,7.0,September,HolidayFlat,H.Flat Switzerland,90,83
Recreation,858.0,3.0,Alps,Car,14.0,June,HolidayFlat,H.Flat Switzerland,33,17
Recreation,1298.0,4.0,Alps,Car,14.0,July,HolidayFlat,H.Flat Switzerland,14,74
Recreation,1958.0,6.0,Alps,Car,14.0,August,HolidayFlat,H.Flat Switzerland,82,10
Bathing,1317.0,4.0,CostaBlanca,Car,7.0,August,TwoStars,"Hotel Torre Dorada, Costa Blanca",34,49
Bathing,2800.0,3.0,CostaBlanca,Car,14.0,July,ThreeStars,"Hotel Galetamar, Costa Blanca",97,94
Bathing,1058.0,2.0,CostaBlanca,Car,7.0,August,FourStars,"Hotel Roca Esmeralda, Costa Blanca",81,61
Bathing,3222.0,3.0,CostaBlanca,Car,14.0,July,FourStars,"Hotel Roca Esmeralda, Costa Blanca",22,75
Recreation,1014.0,10.0,CostaBlanca,Car,7.0,May,HolidayFlat,H.Flat Costa Blanca,27,26
Recreation,539.0,4.0,CostaBlanca,Car,14.0,June,HolidayFlat,H.Flat Costa Blanca,69,56
Active,1039.0,6.0,CostaBlanca,Car,7.0,July,HolidayFlat,H.Flat Costa Blanca,50,99
Active,678.0,4.0,CostaBlanca,Car,14.0,September,HolidayFlat,H.Flat Costa Blanca,49,87
Bathing,1039.0,8.0,CostaBlanca,Car,7.0,June,HolidayFlat,H.Flat Costa Blanca,22,51
Bathing,2324.0,12.0,CostaBlanca,Car,7.0,July,HolidayFlat,H.Flat Costa Blanca,38,87
Bathing,1229.0,2.0,CostaBlanca,Car,7.0,August,HolidayFlat,H.Flat Costa Blanca,78,97
Bathing,789.0,5.0,CostaBlanca,Car,7.0,September,HolidayFlat,H.Flat Costa Blanca,96,73
Bathing,649.0,3.0,CostaBlanca,Car,7.0,July,HolidayFlat,H.Flat Costa Blanca,26,81
Bathing,1259.0,3.0,CostaBlanca,Car,7.0,August,HolidayFlat,H.Flat Costa Blanca,12,71
Bathing,1038.0,4.0,CostaBlanca,Car,14.0,June,HolidayFlat,H.Flat Costa Blanca,24,46
Bathing,1798.0,4.0,CostaBlanca,Car,14.0,July,HolidayFlat,H.Flat Costa Blanca,9,84
Bathing,2038.0,8.0,CostaBlanca,Car,14.0,September,HolidayFlat,H.Flat Costa Blanca,43,80
Bathing,1998.0,2.0,CostaBrava,Car,14.0,June,TwoStars,"Hotel La Huerta, Costa Brava",71,57
Bathing,2550.0,3.0,CostaBrava,Car,14.0,July,TwoStars,"Hotel La Huerta, Costa Brava",96,65
Active,2696.0,3.0,CostaBrava,Car,21.0,August,TwoStars,"Hotel Mar Eden, Costa Brava",27,17
Recreation,1558.0,2.0,CostaBrava,Car,7.0,September,TwoStars,"Hotel Mar Eden, Costa Brava",4,91
Bathing,2518.0,2.0,CostaBrava,Car,14.0,June,ThreeStars,"Hotel Surf Mar, Costa Brava",62,20
Bathing,6971.0,4.0,CostaBrava,Car,21.0,August,ThreeStars,"Hotel Surf Mar, Costa Brava",12,94
Bathing,3099.0,3.0,CostaBrava,Car,14.0,July,ThreeStars,"Hotel Surf Mar, Costa Brava",58,29
Bathing,1738.0,2.0,CostaBrava,Car,7.0,July,ThreeStars,"Hotel Albatros, Costa Brava",50,91
Active,2198.0,2.0,CostaBrava,Car,14.0,June,ThreeStars,"Hotel Albatros, Costa Brava",81,25
Recreation,2360.0,3.0,CostaBrava,Car,14.0,May,ThreeStars,"Hotel Albatros, Costa Brava",2,67
Bathing,2186.0,3.0,CostaBrava,Car,7.0,July,FourStars,"Hotel Olympic Park, Costa Brava",5,94
Bathing,2418.0,2.0,CostaBrava,Car,14.0,June,FourStars,"Hotel Olympic Park, Costa Brava",35,96
Bathing,3737.0,3.0,CostaBrava,Car,14.0,August,FourStars,"Hotel Olympic Park, Costa Brava",41,98
Active,3048.0,2.0,CostaBrava,Car,21.0,September,FourStars,"Golden Hotel Port Salou, Costa Brava",77,19
Recreation,3912.0,4.0,CostaBrava,Car,14.0,July,FourStars,"Golden Hotel Port Salou, Costa Brava",15,14
Bathing,3528.0,2.0,Fuerteventura,Plane,14.0,May,ThreeStars,"Hotel Oliva Beach, Fuerteventura",40,75
Bathing,4402.0,3.0,Fuerteventura,Plane,14.0,June,ThreeStars,"Hotel Oliva Beach, Fuerteventura",4,56
Bathing,6357.0,3.0,Fuerteventura,Plane,21.0,July,ThreeStars,"Hotel Oliva Beach, Fuerteventura",21,6
Bathing,3417.0,4.0,Fuerteventura,Plane,14.0,August,ThreeStars,"Appartm. Rio Tropical, Fuerteventura",3,90
Active,2598.0,2.0,Fuerteventura,Plane,14.0,September,ThreeStars,"Appartm. Rio Tropical, Fuerteventura",70,11
Active,2252.0,3.0,Fuerteventura,Plane,7.0,July,ThreeStars,"Appartm. Rio Tropical, Fuerteventura",41,88
Active,3678.0,2.0,Fuerteventura,Plane,14.0,August,ThreeStars,"Hotel Crystal Beach, Fuerteventura",87,52
Recreation,3578.0,2.0,Fuerteventura,Plane,14.0,June,ThreeStars,"Hotel Crystal Beach, Fuerteventura",9,17
Bathing,7161.0,3.0,Fuerteventura,Plane,21.0,June,FourStars,"Hotel Rio Ventura, Fuerteventura",35,65
Bathing,5709.0,3.0,Fuerteventura,Plane,14.0,July,FourStars,"Hotel Rio Ventura, Fuerteventura",73,74
Bathing,6369.0,4.0,Fuerteventura,Plane,14.0,August,FourStars,"Hotel Rio Ventura, Fuerteventura",5,85
Bathing,3188.0,2.0,Fuerteventura,Plane,7.0,June,FourStars,"Hotel Rio Ventura, Fuerteventura",90,31
Active,3428.0,2.0,Fuerteventura,Plane,14.0,September,FourStars,"Hotel Rio Maxarota, Fuerteventura",11,16
Active,4602.0,3.0,Fuerteventura,Plane,14.0,July,FourStars,"Hotel Rio Maxarota, Fuerteventura",61,85
Recreation,3188.0,2.0,Fuerteventura,Plane,14.0,May,FourStars,"Hotel Rio Maxarota, Fuerteventura",58,28
Bathing,2412.0,3.0,GranCanaria,Plane,14.0,May,TwoStars,"Studios Puerto Plata, Gran Canaria",67,39
Bathing,3125.0,3.0,GranCanaria,Plane,21.0,July,TwoStars,"Studios Puerto Plata, Gran Canaria",9,99
Bathing,2378.0,2.0,GranCanaria,Plane,14.0,September,TwoStars,"Studios Brisamar, Gran Canaria",85,24
Active,3177.0,4.0,GranCanaria,Plane,14.0,August,TwoStars,"Studios Brisamar, Gran Canaria",65,58
Bathing,2788.0,2.0,GranCanaria,Plane,14.0,May,ThreeStars,"Hotel Riosol, Gran Canaria",56,58
Bathing,4100.0,3.0,GranCanaria,Plane,21.0,June,ThreeStars,"Hotel Riosol, Gran Canaria",31,61
Bathing,2723.0,3.0,GranCanaria,Plane,7.0,July,ThreeStars,"Hotel Caserio, Gran Canaria",41,66
Active,4261.0,3.0,GranCanaria,Plane,14.0,August,ThreeStars,"IFA Beach Hotel, Gran Canaria",65,53
Active,3778.0,2.0,GranCanaria,Plane,21.0,September,ThreeStars,"IFA Beach Hotel, Gran Canaria",69,58
Recreation,2508.0,2.0,GranCanaria,Plane,7.0,August,ThreeStars,"IFA Beach Hotel, Gran Canaria",12,19
Bathing,3258.0,2.0,GranCanaria,Plane,14.0,June,FourStars,"Hotel Las Margaritas, Gran Canaria",47,8
Bathing,4252.0,3.0,GranCanaria,Plane,14.0,July,FourStars,"Hotel Las Margaritas, Gran Canaria",60,50
Bathing,3498.0,2.0,GranCanaria,Plane,21.0,September,FourStars,"Hotel Caserio, Gran Canaria",49,45
Active,2848.0,2.0,GranCanaria,Plane,14.0,May,FourStars,"Hotel Caserio, Gran Canaria",28,17
Active,3551.0,3.0,GranCanaria,Plane,14.0,August,FourStars,"Hotel Caserio, Gran Canaria",88,67
Bathing,2078.0,2.0,Ibiza,Plane,14.0,June,TwoStars,"Pension Central, Ibiza",75,98
Bathing,2498.0,2.0,Ibiza,Plane,21.0,September,TwoStars,"Pension Central, Ibiza",43,74
Bathing,2427.0,3.0,Ibiza,Plane,14.0,July,TwoStars,"Hotel Llevant, Ibiza",48,75
Active,2852.0,4.0,Ibiza,Plane,14.0,August,TwoStars,"Hotel Llevant, Ibiza",47,32
Active,1995.0,3.0,Ibiza,Plane,7.0,July,TwoStars,"Hotel Llevant, Ibiza",50,93
Bathing,2798.0,2.0,Ibiza,Plane,14.0,June,ThreeStars,"Hotel Helios II, Ibiza",82,39
Bathing,2878.0,2.0,Ibiza,Plane,14.0,July,ThreeStars,"Hotel Helios II, Ibiza",32,72
Bathing,3258.0,2.0,Ibiza,Plane,21.0,May,ThreeStars,"Hotel Helios II, Ibiza",54,87
Bathing,2343.0,3.0,Ibiza,Plane,7.0,August,ThreeStars,"Hotel Atlantic, Ibiza",15,87
Bathing,3217.0,3.0,Ibiza,Plane,14.0,June,ThreeStars,"Hotel Atlantic, Ibiza",22,66
Active,4832.0,4.0,Ibiza,Plane,14.0,July,ThreeStars,"Hotel Atlantic, Ibiza",44,46
Active,3558.0,2.0,Ibiza,Plane,21.0,September,ThreeStars,"Hotel Atlantic, Ibiza",40,61
Bathing,4398.0,2.0,Ibiza,Plane,14.0,June,FourStars,"Club La Mola, Ibiza",60,16
Bathing,4958.0,2.0,Ibiza,Plane,14.0,July,FourStars,"Club La Mola, Ibiza",80,63
Active,2090.0,3.0,Ibiza,Plane,7.0,August,FourStars,"Hotel Nereida, Ibiza",1,80
Bathing,1558.0,2.0,Mallorca,Plane,14.0,June,OneStar,"Pension Marina, Mallorca",65,25
Bathing,2397.0,3.0,Mallorca,Plane,14.0,July,OneStar,"Pension Marina, Mallorca",51,27
Bathing,2481.0,2.0,Mallorca,Plane,21.0,September,OneStar,"Pension El Golea, Mallorca",32,87
Bathing,1718.0,2.0,Mallorca,Plane,14.0,June,TwoStars,"Pension Alcina, Mallorca",90,20
Bathing,2410.0,4.0,Mallorca,Plane,7.0,August,TwoStars,"Pension Alcina, Mallorca",18,71
Recreation,1285.0,3.0,Mallorca,Plane,4.0,May,TwoStars,"Hotel Manaus, Mallorca",77,23
Active,1798.0,2.0,Mallorca,Plane,14.0,June,TwoStars,"Hotel Vaquer, Mallorca",92,29
Wandering,1676.0,3.0,Mallorca,Plane,7.0,September,TwoStars,"Hotel Vaquer, Mallorca",59,42
Bathing,2198.0,2.0,Mallorca,Plane,14.0,June,ThreeStars,"Hotel Samu, Mallorca",36,58
Bathing,3530.0,4.0,Mallorca,Plane,14.0,July,ThreeStars,"Hotel Samu, Mallorca",67,34
Bathing,1607.0,3.0,Mallorca,Plane,4.0,August,ThreeStars,"Hotel Flamingo, Mallorca",63,37
Bathing,3697.0,3.0,Mallorca,Plane,14.0,July,ThreeStars,"Hotel Sol Lux, Mallorca",70,32
Bathing,1858.0,2.0,Mallorca,Plane,7.0,August,ThreeStars,"Hotel Sol Lux, Mallorca",60,32
Bathing,2598.0,3.0,Mallorca,Plane,14.0,September,ThreeStars,"Hotel Saturno, Mallorca",7,76
Active,3058.0,2.0,Mallorca,Plane,21.0,May,ThreeStars,"Hotel Saturno, Mallorca",62,43
Bathing,1478.0,2.0,Mallorca,Plane,4.0,June,FourStars,"Hotel Gran Fiesta, Mallorca",13,30
Bathing,3644.0,4.0,Mallorca,Plane,7.0,July,FourStars,"Anlage Lago Playa, Mallorca",97,56
Bathing,3605.0,3.0,Mallorca,Plane,14.0,August,FourStars,"Anlage Lago Playa, Mallorca",22,75
Active,2678.0,2.0,Mallorca,Plane,14.0,June,FourStars,"Lagotel-Club, Mallorca",29,89
Active,1898.0,2.0,Mallorca,Plane,7.0,September,FourStars,"Lagotel-Club, Mallorca",24,12
Bathing,3417.0,3.0,Teneriffe,Plane,14.0,June,TwoStars,"Studios Mare Verde, Teneriffe",72,9
Bathing,2698.0,2.0,Teneriffe,Plane,21.0,September,TwoStars,"Studios Mare Verde, Teneriffe",65,96
Bathing,3837.0,3.0,Teneriffe,Plane,14.0,July,ThreeStars,"Appartm. Parque Royal, Teneriffe",11,75
Bathing,3507.0,4.0,Teneriffe,Plane,14.0,August,ThreeStars,"Appartm. Parque Royal, Teneriffe",65,33
Bathing,2278.0,2.0,Teneriffe,Plane,14.0,June,ThreeStars,"Appartm. Parque Royal, Teneriffe",84,28
Bathing,3194.0,3.0,Teneriffe,Plane,14.0,August,ThreeStars,"Hotel Las Pyramides, Teneriffe",3,48
Bathing,2858.0,2.0,Teneriffe,Plane,14.0,July,ThreeStars,"Hotel Las Pyramides, Teneriffe",91,74
Bathing,2068.0,2.0,Teneriffe,Plane,7.0,May,ThreeStars,"Hotel Las Pyramides, Teneriffe",24,31
Active,3278.0,2.0,Teneriffe,Plane,21.0,June,ThreeStars,"Hotel Internacional, Teneriffe",60,22
Recreation,2178.0,2.0,Teneriffe,Plane,7.0,October,ThreeStars,"Hotel Internacional, Teneriffe",63,38
Bathing,4011.0,3.0,Teneriffe,Plane,14.0,August,FourStars,"Hotel Sol, Teneriffe",90,51
Bathing,4287.0,3.0,Teneriffe,Plane,14.0,July,FourStars,"Hotel Sol, Teneriffe",59,16
Bathing,2488.0,2.0,Teneriffe,Plane,7.0,June,FourStars,"Hotel Sol, Teneriffe",38,60
Active,5532.0,4.0,Teneriffe,Plane,14.0,August,FourStars,"Hotel Florida, Teneriffe",35,82
Active,4810.0,3.0,Teneriffe,Plane,21.0,May,FourStars,"Hotel Florida, Teneriffe",49,34
Wandering,758.0,2.0,GiantMountains,Car,7.0,May,TwoStars,"Hotel Bedrichov, Giant Mountains",42,80
Wandering,858.0,2.0,GiantMountains,Car,7.0,June,TwoStars,"Hotel Bedrichov, Giant Mountains",38,39
Wandering,1118.0,4.0,GiantMountains,Car,7.0,July,TwoStars,"Hotel Energetik, Giant Mountains",99,36
Wandering,1698.0,3.0,GiantMountains,Car,14.0,August,TwoStars,"Hotel Energetik, Giant Mountains",30,67
Wandering,1138.0,2.0,GiantMountains,Car,14.0,September,TwoStars,"Hotel Karolina, Giant Mountains",77,41
Recreation,798.0,2.0,GiantMountains,Car,7.0,August,TwoStars,"Hotel Karolina, Giant Mountains",98,94
Recreation,678.0,3.0,GiantMountains,Car,7.0,July,TwoStars,"Waldhotel Trakce, Giant Mountains",11,27
Recreation,938.0,2.0,GiantMountains,Car,7.0,June,ThreeStars,"Hotel Arnika, Giant Mountains",38,83
Recreation,1498.0,2.0,GiantMountains,Car,14.0,May,ThreeStars,"Hotel Arnika, Giant Mountains",75,79
Wandering,698.0,2.0,GiantMountains,Car,7.0,June,ThreeStars,"Hotel Horal, Giant Mountains",68,55
Wandering,1806.0,3.0,GiantMountains,Car,14.0,September,ThreeStars,"Hotel Horal, Giant Mountains",84,57
Wandering,807.0,3.0,GiantMountains,Coach,7.0,May,TwoStars,"Hotel Bedrichov, Giant Mountains",64,18
Recreation,2274.0,4.0,GiantMountains,Coach,14.0,June,TwoStars,"Hotel Bedrichov, Giant Mountains",52,58
Recreation,1185.0,3.0,GiantMountains,Train,7.0,August,ThreeStars,"Hotel Horal, Giant Mountains",22,1
Wandering,698.0,2.0,GiantMountains,Train,7.0,September,ThreeStars,"Hotel Horal, Giant Mountains",74,1
Bathing,2178.0,2.0,TurkishAegeanSea,Plane,14.0,June,TwoStars,"Hotel Villa Soel, Turk. Aegean Sea",12,39
Bathing,2483.0,3.0,TurkishAegeanSea,Plane,14.0,July,TwoStars,"Hotel Villa Soel, Turk. Aegean Sea",2,96
Bathing,4770.0,4.0,TurkishAegeanSea,Plane,21.0,August,ThreeStars,"Hotel Alinda, Turk. Aegean Sea",19,69
Active,2578.0,2.0,TurkishAegeanSea,Plane,14.0,September,ThreeStars,"Hotel Alinda, Turk. Aegean Sea",1,33
Active,3065.0,3.0,TurkishAegeanSea,Plane,7.0,July,ThreeStars,"Hotel Turunc, Turk. Aegean Sea",26,43
Bathing,2758.0,2.0,TurkishAegeanSea,Plane,14.0,August,ThreeStars,"Hotel Turunc, Turk. Aegean Sea",67,44
Education,2878.0,2.0,TurkishAegeanSea,Plane,14.0,May,FourStars,"Hotel Marti, Turk. Aegean Sea",18,94
Bathing,1958.0,2.0,TurkishAegeanSea,Plane,14.0,June,TwoStars,"Hotel Talat, Turk. Aegean Sea",11,83
Bathing,3171.0,3.0,TurkishAegeanSea,Plane,14.0,July,ThreeStars,"Club Pigale, Turk. Aegean Sea",24,50
Bathing,2412.0,3.0,TurkishAegeanSea,Plane,7.0,August,ThreeStars,"Club Pigale, Turk. Aegean Sea",96,21
Bathing,2878.0,2.0,TurkishAegeanSea,Plane,14.0,September,ThreeStars,"Hotel Batihan, Turk. Aegean Sea",12,14
Education,3278.0,2.0,TurkishAegeanSea,Plane,21.0,May,ThreeStars,"Hotel Batihan, Turk. Aegean Sea",25,34
Bathing,4313.0,4.0,TurkishAegeanSea,Plane,14.0,August,FourStars,"Hotel Biltur, Turk. Aegean Sea",58,25
Bathing,3010.0,3.0,TurkishAegeanSea,Plane,7.0,July,FourStars,"Hotel Biltur, Turk. Aegean Sea",52,27
Active,2918.0,2.0,TurkishAegeanSea,Plane,14.0,June,FourStars,"Club Ephesus Princess, Turk. Aegean Sea",54,42
Bathing,2298.0,2.0,TurkishRiviera,Plane,14.0,June,TwoStars,"Hotel Alaiye, Turk. Riviera",17,47
Bathing,2941.0,3.0,TurkishRiviera,Plane,14.0,July,TwoStars,"Hotel Alaiye, Turk. Riviera",8,34
Active,3160.0,3.0,TurkishRiviera,Plane,21.0,September,TwoStars,"Hotel Alaiye, Turk. Riviera",82,7
Bathing,4107.0,4.0,TurkishRiviera,Plane,14.0,August,ThreeStars,"Hotel Panorama, Turk. Riviera",6,94
Bathing,2838.0,2.0,TurkishRiviera,Plane,14.0,July,ThreeStars,"Hotel Panorama, Turk. Riviera",97,87
Bathing,2738.0,2.0,TurkishRiviera,Plane,14.0,June,ThreeStars,"Hotel Panorama, Turk. Riviera",90,92
Bathing,2258.0,2.0,TurkishRiviera,Plane,7.0,August,ThreeStars,"Hotel Akropol, Turk. Riviera",47,85
Bathing,3891.0,3.0,TurkishRiviera,Plane,21.0,June,ThreeStars,"Hotel Akropol, Turk. Riviera",43,28
Active,3058.0,2.0,TurkishRiviera,Plane,14.0,September,ThreeStars,"Hotel Sueral Garden, Turk. Riviera",19,22
Education,2698.0,2.0,TurkishRiviera,Plane,14.0,May,ThreeStars,"Hotel Sueral Garden, Turk. Riviera",95,19
Bathing,3258.0,2.0,TurkishRiviera,Plane,14.0,June,FourStars,"Hotel Botanik, Turk. Riviera",37,75
Bathing,3325.0,3.0,TurkishRiviera,Plane,7.0,July,FourStars,"Hotel Botanik, Turk. Riviera",3,15
Bathing,3258.0,3.0,TurkishRiviera,Plane,14.0,September,FourStars,"Hotel Botanik, Turk. Riviera",73,70
Active,2898.0,2.0,TurkishRiviera,Plane,14.0,May,FourStars,"Hotel Sueral, Turk. Riviera",86,57
Education,2498.0,2.0,TurkishRiviera,Plane,14.0,October,FourStars,"Hotel Sueral, Turk. Riviera",12,35
Bathing,2778.0,3.0,Tunisia,Plane,14.0,July,TwoStars,"Hotel Solymar, Tunisia",29,60
Bathing,1778.0,2.0,Tunisia,Plane,14.0,June,TwoStars,"Hotel Solymar, Tunisia",49,88
Recreation,2058.0,2.0,Tunisia,Plane,14.0,May,TwoStars,"Hotel-Club Ramses, Tunisia",36,71
Active,2637.0,3.0,Tunisia,Plane,14.0,September,TwoStars,"Hotel-Club Ramses, Tunisia",1,92
Bathing,4114.0,3.0,Tunisia,Plane,14.0,June,ThreeStars,"Hotel Montazah, Tunisia",57,29
Bathing,3464.0,4.0,Tunisia,Plane,7.0,July,ThreeStars,"Hotel Montazah, Tunisia",66,68
Bathing,3203.0,3.0,Tunisia,Plane,14.0,August,ThreeStars,"Hotel-Club Nador, Tunisia",59,41
Recreation,2768.0,2.0,Tunisia,Plane,21.0,June,ThreeStars,"Hotel-Club Nador, Tunisia",47,89
Recreation,2258.0,2.0,Tunisia,Plane,14.0,May,ThreeStars,"Hotel Aqua Viva, Tunisia",10,78
Active,2964.0,3.0,Tunisia,Plane,14.0,September,ThreeStars,"Hotel Aqua Viva, Tunisia",96,48
Bathing,2808.0,2.0,Tunisia,Plane,14.0,June,FourStars,"Hotel Paradise, Tunisia",69,39
Bathing,4773.0,4.0,Tunisia,Plane,14.0,July,FourStars,"Hotel Paradise, Tunisia",22,48
Recreation,1888.0,2.0,Tunisia,Plane,14.0,May,FourStars,"Hotel Royal Golf, Tunisia",72,19
Bathing,2228.0,2.0,Tunisia,Plane,7.0,June,FourStars,"Hotel Royal Golf, Tunisia",9,28
Active,2898.0,2.0,Tunisia,Plane,14.0,August,FourStars,"Hotel Jockey Club, Tunisia",66,33
Active,2879.0,3.0,Tunisia,Plane,14.0,September,FourStars,"Hotel Jockey Club, Tunisia",52,12
Bathing,3537.0,4.0,Balaton,Car,14.0,July,ThreeStars,"Hotel Marina, Balaton",11,82
Bathing,2447.0,3.0,Balaton,Car,21.0,August,ThreeStars,"Hotel Marina, Balaton",44,33
Bathing,2758.0,3.0,Balaton,Car,14.0,July,FourStars,"Hotel Helikon, Balaton",30,59
Recreation,2758.0,2.0,Balaton,Car,14.0,June,FourStars,"Hotel Helikon, Balaton",84,35
Bathing,879.0,9.0,Balaton,Car,7.0,June,HolidayFlat,H.Flat Balaton,47,11
Bathing,759.0,5.0,Balaton,Car,7.0,July,HolidayFlat,H.Flat Balaton,49,5
Bathing,798.0,2.0,Balaton,Car,14.0,August,HolidayFlat,H.Flat Balaton,31,63
Recreation,658.0,3.0,Balaton,Car,14.0,May,HolidayFlat,H.Flat Balaton,92,91
Recreation,279.0,2.0,Balaton,Car,7.0,June,HolidayFlat,H.Flat Balaton,47,28
Active,1498.0,7.0,Balaton,Car,14.0,September,HolidayFlat,H.Flat Balaton,23,41
Recreation,434.0,2.0,Belgium,Car,7.0,November,HolidayFlat,"Ferienpark Atlantis, Belgium",22,37
Recreation,434.0,3.0,Belgium,Car,7.0,December,HolidayFlat,"Ferienpark Atlantis, Belgium",42,5
Recreation,739.0,4.0,Belgium,Car,14.0,February,HolidayFlat,"Ferienpark Atlantis, Belgium",66,3
Active,434.0,2.0,Belgium,Car,7.0,November,HolidayFlat,"Ferienpark Atlantis, Belgium",44,51
Active,1068.0,4.0,Belgium,Car,14.0,March,HolidayFlat,"Ferienpark Atlantis, Belgium",22,82
Recreation,314.0,2.0,Belgium,Car,3.0,November,HolidayFlat,"Ferienpark Atlantis, Belgium",71,28
Active,394.0,6.0,Belgium,Car,4.0,January,HolidayFlat,"Ferienpark Atlantis, Belgium",76,41
Recreation,649.0,4.0,Belgium,Car,7.0,November,HolidayFlat,"SunParks De Haan,Belgium",68,36
Active,879.0,8.0,Belgium,Car,7.0,December,HolidayFlat,"SunParks De Haan,Belgium",22,35
Recreation,719.0,6.0,Belgium,Car,7.0,January,HolidayFlat,"SunParks De Haan,Belgium",82,83
Active,369.0,4.0,Belgium,Car,4.0,December,HolidayFlat,"SunParks De Haan,Belgium",98,25
Recreation,849.0,3.0,Belgium,Car,7.0,February,HolidayFlat,"SunParks Groendyk, Belgium",24,21
Active,649.0,6.0,Belgium,Car,7.0,November,HolidayFlat,"SunParks Groendyk, Belgium",71,43
Recreation,339.0,5.0,Belgium,Car,4.0,February,HolidayFlat,"SunParks Groendyk, Belgium",55,83
Recreation,1338.0,4.0,Belgium,Car,14.0,January,HolidayFlat,"SunParks Rauwse Meren, Belgium",73,34
Active,959.0,5.0,Belgium,Car,7.0,February,HolidayFlat,"SunParks Rauwse Meren, Belgium",3,97
Active,499.0,4.0,Belgium,Car,3.0,December,HolidayFlat,"SunParks Rauwse Meren, Belgium",6,90
Recreation,649.0,4.0,Belgium,Car,7.0,March,HolidayFlat,"SunParks Vielsalm, Belgium",47,38
Active,919.0,8.0,Belgium,Car,7.0,November,HolidayFlat,"SunParks Vielsalm, Belgium",79,80
Recreation,619.0,6.0,Belgium,Car,4.0,March,HolidayFlat,"SunParks Vielsalm, Belgium",42,15
Recreation,699.0,2.0,Denmark,Car,7.0,November,HolidayFlat,"Ferienpark Lalandia, Denmark",55,48
Recreation,699.0,3.0,Denmark,Car,7.0,December,HolidayFlat,"Ferienpark Lalandia, Denmark",21,38
Active,439.0,4.0,Denmark,Car,4.0,January,HolidayFlat,"Ferienpark Lalandia, Denmark",16,68
Recreation,639.0,4.0,Denmark,Car,7.0,February,HolidayFlat,"Feriencenter Rodhus Klit, Denmark",17,13
Active,639.0,5.0,Denmark,Car,7.0,March,HolidayFlat,"Feriencenter Rodhus Klit, Denmark",9,74
Active,1278.0,4.0,Denmark,Car,14.0,November,HolidayFlat,"Feriencenter Rodhus Klit, Denmark",71,26
Recreation,629.0,4.0,Denmark,Car,7.0,February,HolidayFlat,"Feriencenter Vigso, Denmark",54,89
Active,629.0,6.0,Denmark,Car,7.0,January,HolidayFlat,"Feriencenter Vigso, Denmark",53,73
Recreation,509.0,4.0,Denmark,Car,7.0,March,HolidayFlat,"Feriencenter Danland, Denmark",55,71
Active,889.0,8.0,Denmark,Car,7.0,February,HolidayFlat,"Feriencenter Danland, Denmark",41,44
Recreation,579.0,2.0,Denmark,Car,7.0,January,HolidayFlat,"H.Flat Ronbjerg Strand, Denmark",86,11
Recreation,719.0,4.0,Denmark,Car,7.0,February,HolidayFlat,"H.Flat Ronbjerg Strand, Denmark",6,30
Active,1638.0,6.0,Denmark,Car,14.0,March,HolidayFlat,"H.Flat Ronbjerg Strand, Denmark",57,11
Recreation,849.0,4.0,Fano,Car,7.0,January,HolidayFlat,"Ferienpark Fano, Denmark",55,49
Active,1089.0,6.0,Fano,Car,7.0,March,HolidayFlat,"Ferienpark Fano, Denmark",59,94
Recreation,499.0,3.0,Holland,Car,7.0,November,HolidayFlat,"Ferienpark Port Greve, Holland",16,64
Recreation,529.0,4.0,Holland,Car,7.0,December,HolidayFlat,"Ferienpark Port Greve, Holland",1,83
Active,609.0,6.0,Holland,Car,7.0,February,HolidayFlat,"Ferienpark Port Greve, Holland",48,42
Recreation,354.0,4.0,Holland,Car,3.0,January,HolidayFlat,"Ferienpark Port Greve, Holland",39,1
Active,339.0,2.0,Holland,Car,4.0,November,HolidayFlat,"Ferienpark Port Greve, Holland",65,85
Active,538.0,2.0,Poland,Car,7.0,January,ThreeStars,"Hotel Maurizius, Poland",3,60
Skiing,822.0,3.0,Poland,Car,7.0,February,ThreeStars,"Hotel Maurizius, Poland",99,93
Recreation,1076.0,4.0,Poland,Car,7.0,February,ThreeStars,"Hotel Maurizius, Poland",97,3
Active,1602.0,3.0,Poland,Car,14.0,January,TwoStars,"Hotel Anna Maria, Poland",98,86
Skiing,558.0,2.0,Poland,Car,7.0,February,TwoStars,"Hotel Anna Maria, Poland",94,15
Recreation,807.0,4.0,Poland,Car,7.0,March,TwoStars,"Hotel Anna Maria, Poland",54,77
Active,898.0,2.0,Poland,Car,14.0,January,TwoStars,"Hotel Karolinka, Poland",92,11
Skiing,478.0,2.0,Poland,Car,7.0,February,TwoStars,"Hotel Karolinka, Poland",80,24
Recreation,687.0,3.0,Poland,Car,7.0,March,TwoStars,"Hotel Karolinka, Poland",78,96
Active,319.0,2.0,Poland,Car,7.0,January,TwoStars,"Hotel Ametyst, Poland",54,22
Skiing,1962.0,4.0,Poland,Car,14.0,February,TwoStars,"Hotel Ametyst, Poland",5,56
Recreation,329.0,2.0,Poland,Car,7.0,February,TwoStars,"Hotel Ametyst, Poland",38,2
Active,987.0,3.0,Poland,Car,7.0,February,TwoStars,"Hotel Piecuch, Poland",90,80
Skiing,638.0,2.0,Poland,Car,7.0,March,TwoStars,"Hotel Piecuch, Poland",11,3
Recreation,1276.0,4.0,Poland,Car,7.0,January,TwoStars,"Hotel Piecuch, Poland",8,13
Active,858.0,2.0,Slowakei,Car,7.0,January,TwoStars,"Hotel Banik, High Tatra",88,60
Skiing,1647.0,3.0,Slowakei,Car,7.0,February,TwoStars,"Hotel Banik, High Tatra",51,96
Active,1028.0,2.0,Slowakei,Car,14.0,February,ThreeStars,"Hotel Fis, High Tatra",54,69
Skiing,1098.0,2.0,Slowakei,Car,7.0,March,ThreeStars,"Hotel Fis, High Tatra",31,1
Skiing,1572.0,3.0,Slowakei,Car,7.0,January,ThreeStars,"Hotel Patria, High Tatra",35,62
Recreation,1738.0,2.0,Slowakei,Car,7.0,February,ThreeStars,"Hotel Patria, High Tatra",15,7
Active,3777.0,3.0,Slowakei,Car,14.0,February,ThreeStars,"Hotel Panorama, High Tatra",71,14
Skiing,1048.0,2.0,Slowakei,Car,7.0,March,ThreeStars,"Hotel Panorama, High Tatra",47,7
Skiing,598.0,2.0,Slowakei,Car,7.0,January,ThreeStars,"Hotel Hutnik, High Tatra",33,38
Active,1816.0,4.0,Slowakei,Car,7.0,February,ThreeStars,"Hotel Hutnik, High Tatra",4,17
Active,2097.0,3.0,Slowakei,Car,7.0,February,ThreeStars,"Hotel Slovakia, High Tatra",62,40
Recreation,1198.0,2.0,Slowakei,Car,7.0,March,ThreeStars,"Hotel Slovakia, High Tatra",11,85
Skiing,1257.0,3.0,Slowakei,Car,14.0,March,TwoStars,"Hotel Vesel, High Tatra",55,67
Recreation,2036.0,4.0,Slowakei,Car,7.0,February,TwoStars,"Hotel Vesel, High Tatra",27,92
Active,2334.0,6.0,Slowakei,Car,14.0,February,TwoStars,"Hotel Zornicka, High Tatra",10,89
Skiing,1795.0,5.0,Slowakei,Car,7.0,January,TwoStars,"Hotel Zornicka, High Tatra",1,27
Active,748.0,2.0,Slowakei,Car,7.0,January,TwoStars,"Hotel Sverma, High Tatra",1,99
Skiing,1497.0,3.0,Slowakei,Car,7.0,February,TwoStars,"Hotel Sverma, High Tatra",20,88
Skiing,1272.0,3.0,Slowakei,Car,7.0,February,OneStar,"Pension Bjoernson, High Tatra",55,68
Skiing,888.0,2.0,Slowakei,Car,7.0,March,OneStar,"Pension Bjoernson, High Tatra",13,28
Skiing,1152.0,4.0,Czechia,Car,7.0,January,ThreeStars,"Hotel Horal, Giant Mountains",9,55
Skiing,1414.0,3.0,Czechia,Car,7.0,February,ThreeStars,"Hotel Horal, Giant Mountains",62,56
Active,798.0,2.0,Czechia,Car,14.0,March,ThreeStars,"Hotel Horal, Giant Mountains",9,63
Skiing,698.0,2.0,Czechia,Car,7.0,January,ThreeStars,"Hotel Montana, Giant Mountains",10,3
Active,1372.0,3.0,Czechia,Car,7.0,February,ThreeStars,"Hotel Montana, Giant Mountains",31,44
Skiing,1737.0,3.0,Czechia,Car,7.0,February,ThreeStars,"Hotel Arnika, Giant Mountains",55,45
Skiing,998.0,2.0,Czechia,Car,7.0,March,ThreeStars,"Hotel Arnika, Giant Mountains",27,42
Recreation,1737.0,3.0,Czechia,Car,14.0,January,ThreeStars,"Hotel Arnika, Giant Mountains",24,10
Skiing,1596.0,4.0,Czechia,Car,7.0,February,TwoStars,"Hotel Energetik, Giant Mountains",77,31
Active,638.0,2.0,Czechia,Car,7.0,March,TwoStars,"Hotel Energetik, Giant Mountains",14,64
Skiing,897.0,3.0,Czechia,Car,14.0,February,OneStar,"Hotel Central, Giant Mountains",39,2
Active,458.0,2.0,Czechia,Car,7.0,January,OneStar,"Hotel Central, Giant Mountains",15,81
Skiing,698.0,2.0,Czechia,Car,7.0,March,TwoStars,"Berghotel Cubat, Giant Mountains",80,1
Skiing,1047.0,3.0,Czechia,Car,7.0,February,TwoStars,"Berghotel Cubat, Giant Mountains",26,19
Active,488.0,2.0,Czechia,Car,7.0,January,OneStar,"Pension Trakce, Giant Mountains",76,64
Recreation,1096.0,4.0,Czechia,Car,7.0,February,OneStar,"Pension Trakce, Giant Mountains",50,42
Skiing,458.0,2.0,Czechia,Car,7.0,March,OneStar,"Pension Protez, Giant Mountains",77,62
Recreation,1180.0,3.0,Czechia,Car,14.0,February,OneStar,"Pension Protez, Giant Mountains",73,92
Active,892.0,4.0,Czechia,Car,7.0,January,OneStar,"Hotel Sirena, Giant Mountains",13,86
Skiing,718.0,2.0,Czechia,Car,7.0,February,OneStar,"Hotel Sirena, Giant Mountains",23,12
Skiing,974.0,5.0,Czechia,Car,7.0,March,HolidayFlat,H.Flat Giant Mountains,42,22
Skiing,974.0,3.0,Czechia,Car,7.0,February,HolidayFlat,H.Flat Giant Mountains,37,72
Skiing,1108.0,4.0,Czechia,Car,14.0,January,HolidayFlat,H.Flat Adlergebirge,15,50
Active,579.0,6.0,Czechia,Car,7.0,March,HolidayFlat,H.Flat Bohemian Forest,79,54
Active,664.0,4.0,Czechia,Car,7.0,February,HolidayFlat,H.Flat Bohemian Forest,73,67
Active,4332.0,4.0,Allgaeu,Car,7.0,December,FiveStars,"Hofgut Kuernach, Allgaeu",14,23
Skiing,1868.0,2.0,Allgaeu,Car,7.0,January,FiveStars,"Hofgut Kuernach, Allgaeu",26,94
Recreation,2428.0,3.0,Allgaeu,Car,7.0,February,FiveStars,"Hofgut Kuernach, Allgaeu",11,51
Active,1822.0,3.0,Allgaeu,Car,14.0,March,ThreeStars,"Hotel Alpenblick, Allgaeu",18,13
Skiing,1458.0,2.0,Allgaeu,Car,7.0,February,ThreeStars,"Hotel Alpenblick, Allgaeu",20,88
Skiing,1822.0,3.0,Allgaeu,Car,7.0,January,ThreeStars,"Hotel Alpenblick, Allgaeu",6,71
Active,2248.0,2.0,Allgaeu,Car,7.0,December,FiveStars,"Alpenhotel, Allgaeu",1,17
Skiing,2447.0,3.0,Allgaeu,Car,7.0,January,FiveStars,"Alpenhotel, Allgaeu",60,25
Recreation,2937.0,4.0,Allgaeu,Car,7.0,February,FiveStars,"Alpenhotel, Allgaeu",42,15
Active,1058.0,3.0,Allgaeu,Car,14.0,March,TwoStars,"Gaestehaus Meier, Allgaeu",67,87
Skiing,1587.0,4.0,Allgaeu,Car,7.0,February,TwoStars,"Gaestehaus Meier, Allgaeu",63,94
Recreation,688.0,2.0,Allgaeu,Car,7.0,January,TwoStars,"Gaestehaus Meier, Allgaeu",66,64
Skiing,530.0,4.0,Allgaeu,Car,7.0,December,HolidayFlat,"H.Flat Nadenberg, Allgaeu",25,52
Active,645.0,8.0,Allgaeu,Car,7.0,January,HolidayFlat,"H.Flat Nadenberg, Allgaeu",72,74
Skiing,745.0,6.0,Allgaeu,Car,7.0,February,HolidayFlat,"H.Flat Nadenberg, Allgaeu",99,96
Skiing,1188.0,2.0,Allgaeu,Car,14.0,March,HolidayFlat,H.Flat Oberallgaeu,54,78
Recreation,879.0,4.0,Allgaeu,Car,7.0,February,HolidayFlat,H.Flat Oberallgaeu,11,87
Active,624.0,3.0,Allgaeu,Car,7.0,January,HolidayFlat,H.Flat Oberallgaeu,32,13
Skiing,459.0,3.0,Allgaeu,Car,8.0,December,HolidayFlat,"H.Flat Alpina, Allgaeu",34,43
Skiing,424.0,4.0,Allgaeu,Car,7.0,January,HolidayFlat,"H.Flat Alpina, Allgaeu",31,95
Recreation,1568.0,4.0,Allgaeu,Car,14.0,February,HolidayFlat,"H.Flat Alpina, Allgaeu",85,48
Skiing,854.0,4.0,Allgaeu,Car,7.0,March,HolidayFlat,"H.Flat Reichenbach, Allgaeu",41,1
Active,984.0,6.0,Allgaeu,Car,7.0,February,HolidayFlat,"H.Flat Reichenbach, Allgaeu",8,12
Recreation,439.0,2.0,Allgaeu,Car,7.0,January,HolidayFlat,"H.Flat Sonnenhalde, Allgaeu",69,14
Recreation,799.0,3.0,Allgaeu,Car,10.0,December,HolidayFlat,"H.Flat Sonnenhalde, Allgaeu",42,69
Active,998.0,3.0,Bavaria,Car,7.0,December,ThreeStars,"Sporthotel Rosenberger, Bavaria",6,66
Skiing,798.0,2.0,Bavaria,Car,7.0,January,ThreeStars,"Sporthotel Rosenberger, Bavaria",87,76
Skiing,998.0,3.0,Bavaria,Car,7.0,February,ThreeStars,"Sporthotel Rosenberger, Bavaria",26,75
Active,1348.0,2.0,Bavaria,Car,7.0,December,FourStars,"H.Flat Eichenbuehl, Allgaeu",90,87
Skiing,1147.0,3.0,Bavaria,Car,7.0,January,FourStars,"H.Flat Eichenbuehl, Allgaeu",36,57
Recreation,3188.0,2.0,Bavaria,Car,14.0,February,ThreeStars,"Hotel Bavaria, Bavaria",7,84
Active,3448.0,2.0,Bavaria,Car,10.0,December,ThreeStars,"Hotel Bavaria, Bavaria",39,25
Active,1658.0,2.0,Bavaria,Car,7.0,January,FourStars,"Residenz Ludwig, Bavaria",4,18
Skiing,2072.0,3.0,Bavaria,Car,7.0,February,FourStars,"Residenz Ludwig, Bavaria",44,39
Active,2985.0,3.0,Bavaria,Car,14.0,February,FourStars,"Hotel Seidlpark, Bavaria",44,76
Skiing,1658.0,2.0,Bavaria,Car,7.0,March,FourStars,"Hotel Seidlpark, Bavaria",82,80
Active,745.0,3.0,Bavaria,Car,7.0,January,TwoStars,"Pension Laerchenhof, Bavaria",18,96
Recreation,949.0,4.0,Bavaria,Car,7.0,February,TwoStars,"Pension Laerchenhof, Bavaria",48,84
Active,684.0,2.0,Bavaria,Car,7.0,January,HolidayFlat,"H.Flat Chiemgau, Bavaria",3,80
Skiing,1164.0,5.0,Bavaria,Car,14.0,February,HolidayFlat,"H.Flat Chiemgau, Bavaria",44,53
Active,529.0,4.0,Bavaria,Car,7.0,December,HolidayFlat,"H.Flat Reiterhof, Bavaria",66,8
Recreation,484.0,2.0,Bavaria,Car,7.0,February,HolidayFlat,"H.Flat Reiterhof, Bavaria",23,82
Skiing,449.0,2.0,Bavaria,Car,7.0,January,HolidayFlat,"H.Flat Wildgatter, Bavaria",53,93
Skiing,774.0,6.0,Bavaria,Car,7.0,February,HolidayFlat,"H.Flat Wildgatter, Bavaria",38,29
Active,379.0,2.0,Bavaria,Car,7.0,January,HolidayFlat,"H.Flat Am Hochwald, Bavaria",77,80
Recreation,459.0,3.0,Bavaria,Car,14.0,February,HolidayFlat,"H.Flat Am Hochwald, Bavaria",59,87
Active,454.0,3.0,Bavaria,Car,7.0,January,HolidayFlat,"H.Flat Christopherhof, Bavaria",30,80
Skiing,774.0,8.0,Bavaria,Car,7.0,March,HolidayFlat,"H.Flat Christopherhof, Bavaria",23,74
Recreation,699.0,6.0,Bavaria,Car,7.0,January,HolidayFlat,"H.Flat Jaegerwiesen, Bavaria",78,32
Active,1018.0,3.0,Bavaria,Car,14.0,February,HolidayFlat,"H.Flat Jaegerwiesen, Bavaria",67,76
Recreation,1338.0,2.0,ErzGebirge,Car,7.0,December,ThreeStars,"Hotel Lugsteinhof, Erz Gebirge",23,1
Skiing,1472.0,3.0,ErzGebirge,Car,7.0,January,ThreeStars,"Hotel Lugsteinhof, Erz Gebirge",71,55
Recreation,1257.0,4.0,ErzGebirge,Car,7.0,February,ThreeStars,"Hotel Am Fichtelberg, Erz Gebirge",31,42
Skiing,1178.0,2.0,ErzGebirge,Car,7.0,March,ThreeStars,"Hotel Am Fichtelberg, Erz Gebirge",19,50
Active,1257.0,4.0,ErzGebirge,Car,7.0,February,ThreeStars,"Sporthotel Oberwiesenthal, Erz Gebirge",86,62
Skiing,1338.0,2.0,ErzGebirge,Car,7.0,December,ThreeStars,"Sporthotel Oberwiesenthal, Erz Gebirge",67,86
Recreation,1235.0,3.0,ErzGebirge,Car,7.0,January,ThreeStars,"Rathaushotel, Erz Gebirge",16,41
Active,1482.0,4.0,ErzGebirge,Car,7.0,February,ThreeStars,"Rathaushotel, Erz Gebirge",29,56
Recreation,838.0,2.0,ErzGebirge,Car,14.0,March,ThreeStars,"Hotel Stephanshoehe, Erz Gebirge",4,18
Recreation,1472.0,3.0,ErzGebirge,Car,7.0,February,ThreeStars,"Hotel Stephanshoehe, Erz Gebirge",73,70
Skiing,604.0,2.0,ErzGebirge,Car,14.0,December,ThreeStars,"Hotel Vogtland, Erz Gebirge",71,5
Recreation,1782.0,4.0,ErzGebirge,Car,7.0,January,ThreeStars,"Hotel Vogtland, Erz Gebirge",77,63
Active,2935.0,3.0,ErzGebirge,Car,14.0,January,ThreeStars,"Kurhotel Am See, Erz Gebirge",50,40
Recreation,838.0,2.0,ErzGebirge,Car,7.0,March,ThreeStars,"Kurhotel Am See, Erz Gebirge",36,52
Recreation,1257.0,4.0,ErzGebirge,Car,7.0,February,ThreeStars,"Kurhotel Am See, Erz Gebirge",45,76
Recreation,559.0,6.0,ErzGebirge,Car,7.0,December,HolidayFlat,"H.Flat Haus Vogtland, Erz Gebirge",30,5
Recreation,549.0,7.0,ErzGebirge,Car,7.0,January,HolidayFlat,"H.Flat Haus Vogtland, Erz Gebirge",25,74
Active,1098.0,5.0,ErzGebirge,Car,14.0,March,HolidayFlat,"H.Flat Haus Vogtland, Erz Gebirge",36,88
Active,549.0,6.0,ErzGebirge,Car,7.0,February,HolidayFlat,"H.Flat Haus Vogtland, Erz Gebirge",33,74
Skiing,549.0,4.0,ErzGebirge,Car,7.0,February,HolidayFlat,"H.Flat Haus Vogtland, Erz Gebirge",2,70
Recreation,2128.0,2.0,Harz,Car,7.0,December,ThreeStars,"Aparthotel Bocksberg, Harz",60,51
Recreation,1910.0,3.0,Harz,Car,7.0,January,ThreeStars,"Aparthotel Bocksberg, Harz",96,89
Wandering,1648.0,2.0,Harz,Car,7.0,February,ThreeStars,"Aparthotel Bocksberg, Harz",61,88
Skiing,2007.0,4.0,Harz,Car,7.0,March,ThreeStars,"Aparthotel Bocksberg, Harz",52,4
Recreation,2368.0,2.0,Harz,Car,10.0,December,ThreeStars,"Travelhotel Waldfrieden, Harz",87,89
Recreation,1485.0,3.0,Harz,Car,7.0,January,ThreeStars,"Travelhotel Waldfrieden, Harz",13,72
Wandering,1298.0,2.0,Harz,Car,7.0,February,ThreeStars,"Travelhotel Waldfrieden, Harz",20,26
Active,1782.0,4.0,Harz,Car,7.0,March,ThreeStars,"Travelhotel Waldfrieden, Harz",98,1
Recreation,2007.0,4.0,Harz,Car,7.0,December,TwoStars,"Hotel Harzquell, Harz",68,85
Wandering,1168.0,2.0,Harz,Car,14.0,January,TwoStars,"Hotel Harzquell, Harz",72,65
Skiing,1460.0,3.0,Harz,Car,7.0,February,TwoStars,"Hotel Harzquell, Harz",26,75
Recreation,1522.0,3.0,Harz,Car,7.0,December,TwoStars,"Hotel Fuerstenhoeh, Harz",3,9
Recreation,1482.0,4.0,Harz,Car,7.0,January,TwoStars,"Hotel Fuerstenhoeh, Harz",80,95
Skiing,1235.0,3.0,Harz,Car,7.0,February,TwoStars,"Hotel Fuerstenhoeh, Harz",11,90
Wandering,599.0,3.0,Harz,Car,14.0,November,HolidayFlat,"H.Flat Panoramic, Harz",57,48
Recreation,679.0,5.0,Harz,Car,7.0,January,HolidayFlat,"H.Flat Panoramic, Harz",47,96
Recreation,419.0,2.0,Harz,Car,7.0,February,HolidayFlat,"H.Flat Ferienpark, Harz",50,17
Wandering,1114.0,4.0,Harz,Car,10.0,December,HolidayFlat,"H.Flat Ferienpark, Harz",77,77
Skiing,324.0,3.0,Harz,Car,7.0,December,HolidayFlat,"H.Flat Teichtal, Harz",68,58
Skiing,499.0,6.0,Harz,Car,7.0,February,HolidayFlat,"H.Flat Teichtal, Harz",30,69
Wandering,1227.0,4.0,BlackForest,Car,7.0,December,TwoStars,"Hotel Hirschen, Black Forest",89,86
Active,748.0,2.0,BlackForest,Car,7.0,January,TwoStars,"Hotel Hirschen, Black Forest",3,96
Skiing,1735.0,3.0,BlackForest,Car,7.0,February,FourStars,"Treff-Hotel, Black Forest",42,67
Wandering,2768.0,2.0,BlackForest,Car,14.0,March,FourStars,"Treff-Hotel, Black Forest",73,66
Recreation,1737.0,4.0,BlackForest,Car,7.0,February,ThreeStars,"Berghotel Kandel, Black Forest",27,5
Wandering,818.0,2.0,BlackForest,Car,7.0,January,ThreeStars,"Berghotel Kandel, Black Forest",42,22
Recreation,2322.0,3.0,BlackForest,Car,10.0,December,ThreeStars,"Berghotel Mummelsee, Black Forest",73,23
Skiing,1158.0,2.0,BlackForest,Car,7.0,February,ThreeStars,"Berghotel Mummelsee, Black Forest",29,6
Active,1008.0,2.0,BlackForest,Car,7.0,January,ThreeStars,"Hotel Waldwinkel, Black Forest",81,38
Recreation,1260.0,3.0,BlackForest,Car,14.0,February,ThreeStars,"Hotel Waldwinkel, Black Forest",21,42
Wandering,1257.0,4.0,BlackForest,Car,7.0,March,TwoStars,"Gasthof Hochkopfhaus, Black Forest",3,54
Skiing,838.0,2.0,BlackForest,Car,7.0,February,TwoStars,"Gasthof Hochkopfhaus, Black Forest",75,32
Recreation,897.0,3.0,BlackForest,Car,7.0,January,TwoStars,"Landgasthof Schuetzen, Black Forest",62,2
Wandering,688.0,2.0,BlackForest,Car,6.0,December,TwoStars,"Landgasthof Schuetzen, Black Forest",26,99
Active,454.0,4.0,BlackForest,Car,7.0,January,HolidayFlat,H.Flat Ferienpark Black Forest,95,60
Active,514.0,6.0,BlackForest,Car,7.0,February,HolidayFlat,H.Flat Ferienpark Black Forest,54,79
Recreation,459.0,2.0,BlackForest,Car,7.0,March,HolidayFlat,H.Flat Schwarzwaldgrund,82,72
Recreation,1068.0,4.0,BlackForest,Car,14.0,February,HolidayFlat,H.Flat Schwarzwaldgrund,83,72
Skiing,549.0,6.0,BlackForest,Car,7.0,January,HolidayFlat,"H.Flat Sonnenrain, Black Forest",88,82
Recreation,679.0,2.0,BlackForest,Car,7.0,December,HolidayFlat,H.Flat Schwarzwaldblick,49,34
Recreation,599.0,4.0,BlackForest,Car,7.0,January,HolidayFlat,H.Flat Schwarzwaldblick,55,44
Skiing,464.0,3.0,BlackForest,Car,7.0,February,HolidayFlat,"H.Flat Schwiezer Hof, Black Forest",26,70
Wandering,1033.0,5.0,BlackForest,Car,14.0,March,HolidayFlat,"H.Flat Schwiezer Hof, Black Forest",89,91
Recreation,989.0,4.0,BlackForest,Car,7.0,February,HolidayFlat,"H.Flat Panorama-Blick, Black Forest",27,9
Wandering,839.0,6.0,BlackForest,Car,7.0,January,HolidayFlat,"H.Flat Panorama-Blick, Black Forest",55,73
Wandering,1672.0,3.0,Thuringia,Car,7.0,December,ThreeStars,"Berghotel Friedrichroda, Thuringia",57,4
Recreation,1178.0,2.0,Thuringia,Car,7.0,January,ThreeStars,"Berghotel Friedrichroda, Thuringia",25,88
Active,4092.0,4.0,Thuringia,Car,14.0,February,ThreeStars,"Hotel Finsterbergen, Thuringia",67,37
Wandering,1368.0,2.0,Thuringia,Car,7.0,March,ThreeStars,"Hotel Finsterbergen, Thuringia",54,58
Wandering,1104.0,3.0,Thuringia,Car,7.0,February,TwoStars,"Hotel Schoene Aussicht, Thuringia",71,7
Skiing,883.0,2.0,Thuringia,Car,7.0,January,TwoStars,"Hotel Schoene Aussicht, Thuringia",64,86
Recreation,688.0,2.0,Thuringia,Car,7.0,December,ThreeStars,"Berghotel Oberhof, Thuringia",73,3
Wandering,1773.0,3.0,Thuringia,Car,14.0,November,ThreeStars,"Berghotel Oberhof, Thuringia",17,38
Wandering,1138.0,2.0,Thuringia,Car,7.0,January,FourStars,"Hotel Panorama, Thuringia",71,4
Recreation,1647.0,3.0,Thuringia,Car,7.0,March,FourStars,"Hotel Panorama, Thuringia",90,32
Skiing,1977.0,4.0,Thuringia,Car,7.0,February,FourStars,"Hotel Panorama, Thuringia",84,3
Wandering,1294.0,2.0,Thuringia,Car,14.0,January,TwoStars,"Hotel Am Schuetzenberg, Thuringia",35,92
Recreation,785.0,3.0,Thuringia,Car,7.0,December,TwoStars,"Hotel Am Schuetzenberg, Thuringia",31,61
Active,987.0,4.0,Thuringia,Car,7.0,February,TwoStars,"Hotel Frankenwald, Thuringia",65,42
Wandering,598.0,2.0,Thuringia,Car,7.0,March,TwoStars,"Hotel Frankenwald, Thuringia",37,22
Wandering,389.0,3.0,Thuringia,Car,7.0,February,HolidayFlat,"H.Flat Schmeheim, Thuringia",74,6
Wandering,389.0,4.0,Thuringia,Car,7.0,March,HolidayFlat,"H.Flat Schmeheim, Thuringia",53,28
Recreation,389.0,3.0,Thuringia,Car,7.0,January,HolidayFlat,"H.Flat Schmeheim, Thuringia",41,89
Active,924.0,4.0,Thuringia,Car,9.0,December,HolidayFlat,"H.Flat Schmeheim, Thuringia",12,20
Skiing,389.0,4.0,Thuringia,Car,7.0,February,HolidayFlat,"H.Flat Schmeheim, Thuringia",53,63
Wandering,855.0,4.0,Thuringia,Car,14.0,March,HolidayFlat,"H.Flat Ruppertus, Thuringia",39,14
Wandering,483.0,4.0,Thuringia,Car,7.0,January,HolidayFlat,"H.Flat Ruppertus, Thuringia",55,29
Recreation,774.0,4.0,Thuringia,Car,9.0,December,HolidayFlat,"H.Flat Ruppertus, Thuringia",9,56
Active,483.0,3.0,Thuringia,Car,7.0,January,HolidayFlat,"H.Flat Ruppertus, Thuringia",68,86
Skiing,483.0,4.0,Thuringia,Car,7.0,February,HolidayFlat,"H.Flat Ruppertus, Thuringia",4,45
Active,624.0,4.0,France,Car,7.0,December,HolidayFlat,"H.Flat Maeva, France",62,96
Skiing,624.0,4.0,France,Car,7.0,January,HolidayFlat,"H.Flat Maeva, France",8,12
Recreation,1624.0,5.0,France,Car,7.0,February,HolidayFlat,"H.Flat Maeva, France",52,88
Active,844.0,4.0,France,Car,7.0,March,HolidayFlat,"H.Flat Le Cervin, France",30,28
Skiing,1654.0,5.0,France,Car,7.0,February,HolidayFlat,"H.Flat Le Cervin, France",41,74
Recreation,824.0,6.0,France,Car,7.0,January,HolidayFlat,"H.Flat Le Cervin, France",90,66
Active,764.0,4.0,France,Car,7.0,December,HolidayFlat,"H.Flat Bellecote, France",94,32
Skiing,3368.0,5.0,France,Car,14.0,January,HolidayFlat,"H.Flat Bellecote, France",80,13
Recreation,1014.0,4.0,France,Car,7.0,February,HolidayFlat,"H.Flat Bellecote, France",58,28
Active,1339.0,4.0,France,Car,7.0,March,HolidayFlat,"H.Flat Cheval Blanc, France",36,99
Skiing,1094.0,5.0,France,Car,7.0,February,HolidayFlat,"H.Flat Cheval Blanc, France",35,31
Recreation,1728.0,6.0,France,Car,14.0,January,HolidayFlat,"H.Flat Cheval Blanc, France",80,8
Active,589.0,4.0,France,Car,7.0,December,HolidayFlat,"H.Flat Les Olympiades, France",44,15
Skiing,589.0,4.0,France,Car,7.0,January,HolidayFlat,"H.Flat Les Olympiades, France",74,53
Recreation,1574.0,4.0,France,Car,7.0,February,HolidayFlat,"H.Flat Les Olympiades, France",40,68
